id,domain,status,purchase_price,renewal_price,attractiveness,demand,length,registrar,created_at,expires_at,status_verified_at
e694da8e-e8e9-4bd5-ba06-f12b3f6fddbb,chenille.ai,available,,,high,high,8,,,,
9f26a952-94b6-4fa8-b373-f0ea80ba1f3d,gongorist.ai,available,,,high,high,9,,,,
6abf6f99-a08b-439a-b080-07d98643abb6,austrohungarian.ai,available,,,high,high,16,,,,
001a3e95-6e62-4df7-96e6-ae38b61ab066,pudendal.ai,available,89.98,114.98,medium,low,8,namecheap,,,09/09/2026 05:28
4c7c1e16-0ecd-479e-be06-9f80e81d9ce3,sculpt.ai,resell,,,high,low,6,Deep Vision Architects,22/02/2019 02:43,22/02/2027 02:43,26/09/2026 08:52
8c9174d4-15c9-46ec-b1c5-015ec737b35d,sensors.ai,resell,,,medium,low,7,"GoDaddy.com, LLC",16/12/2017 02:40,10/11/2027 02:40,28/09/2026 09:09
307bbf02-a291-48e7-9720-cf6516216163,unchangeable.ai,available,,,high,high,12,,,,
16b2af38-fd93-419c-bb78-fc7a9a9c5c1a,halleluja.ai,available,,,high,high,9,,,,
10f5cd09-262f-45de-8adf-ea56972cdcb2,underarm.ai,available,89.98,114.98,high,low,8,namecheap,,,12/09/2026 07:21
7ebee8e4-b5b5-4971-bea6-1b5cbcd7920f,dodge.ai,resell,,,high,low,5,,,,28/09/2026 01:47
179ad466-54ab-41a1-8c57-4535d68ddf78,ultralong.ai,available,,,high,high,9,,,,
9529c66b-2dc0-4ec0-9f6f-5cc5636996a1,twins.ai,resell,,,high,medium,5,"Spaceship, Inc.",21/09/2018 16:05,21/09/2028 16:05,26/09/2026 09:49
6956304c-ad16-4df9-8239-f2510b5de506,coursers.ai,available,,,medium,low,8,,,,
f5ea2005-cee1-4ded-87f8-d2c50cf80cc5,despatch.ai,resell,,,high,high,8,"Spaceship, Inc.",09/06/2024 01:14,09/06/2028 01:14,26/09/2026 05:31
dc6b10b2-1c23-46ef-bd2a-f833e1231703,epigraph.ai,resell,,,high,high,8,Deep Vision Architects,12/04/2021 15:12,12/04/2027 15:12,26/09/2026 05:52
ded838e2-cbe2-41b4-b7da-58fdc3c43cce,retailer.ai,resell,,,high,low,8,Atom.com Domains LLC,16/12/2017 05:41,19/04/2031 05:41,30/09/2026 02:33
4426761c-4ebe-477f-989c-6ec92f97958b,unidirectional.ai,available,,,high,high,14,,,,
52eb0851-d1c3-4c1b-988f-c0bcb4d0e9f1,savour.ai,resell,,,high,high,6,"NameCheap, Inc.",25/06/2025 08:39,25/06/2027 08:39,26/09/2026 08:49
78901cd3-a5ab-4f49-99e4-063a44f40766,dinarides.ai,available,,,high,high,9,,,,
63e2db9d-4370-4461-85d8-87fbfbce4308,autoimmune.ai,resell,,,medium,low,10,"NameCheap, Inc.",02/01/2019 21:01,02/01/2027 21:01,26/09/2026 04:09
cd3bedae-30fe-4bb1-847d-d4521d1fe077,labetalol.ai,available,,,high,high,9,,,,
aff26f92-fff7-4766-8365-760932d1c0c2,subdomain.ai,resell,,,high,high,9,Dynadot Inc,31/07/2025 17:00,31/07/2027 17:00,26/09/2026 09:22
ba22407f-0787-42e7-89fe-888b5b3cb162,unibrow.ai,available,,,high,high,7,,,,
f5090175-a456-473b-8a8e-ae3a0db2c0b4,mylar.ai,available,,,high,high,5,,,,
cf25180c-ab75-4e0a-b27b-b7dc9e199733,microohms.ai,available,,,medium,low,10,,,,
22caf377-d254-4438-98d0-af20e733b33b,tempests.ai,available,,,medium,low,8,,,,
bddb645a-3413-44c5-a9f2-8ea9bf6dcd53,imperfectives.ai,available,,,low,low,13,,,,
dfa6a527-3e49-4985-8a4e-3a82d043f61a,testicular.ai,available,89.98,114.98,medium,low,10,namecheap,,,11/09/2026 12:06
b1fdc3c6-5340-4883-9893-6d9bd22332a0,americanisms.ai,available,,,medium,low,12,,,,
1634b8db-40fc-45e3-9839-ad66dba597c4,piggybacked.ai,available,,,medium,low,11,,,,
0cbc7490-f31c-49aa-a5b2-1adcd022f265,voila.ai,resell,,,high,high,5,Deep Vision Architects,16/12/2017 01:36,24/04/2027 01:36,26/09/2026 10:02
b14eb634-fd33-41c3-b79b-f4a517d09e79,ariel.ai,resell,,,high,low,5,,,,28/09/2026 07:27
5529ac8c-9fb7-412c-90b2-dd16d39bd86f,futurologist.ai,available,,,high,high,12,,,,
5091b686-cda4-483d-8a6a-c85c22b96f6a,duterte.ai,available,,,high,high,7,,,,
d67504d5-0b10-499b-babf-00276b924e29,outlying.ai,available,,,high,high,8,,,,
603768cd-7848-48c2-a201-65e15376224a,apatheist.ai,available,,,high,high,9,,,,
3c2745c1-b4b7-40ce-8ac1-c59117bbb456,reductive.ai,resell,,,high,medium,9,"Spaceship, Inc.",05/02/2026 01:32,05/02/2028 01:32,26/09/2026 08:33
fd992851-bab6-454b-aed9-d1bb76b9e2bd,austerlitz.ai,available,89.98,114.98,medium,low,10,namecheap,,,21/09/2026 04:41
5569c5e5-255d-43ad-ab51-dda66f5de281,foxcote.ai,available,,,high,high,7,,,,
9a9e4559-e291-454d-86f2-e77b6f6b6dd3,byspeech.ai,available,,,high,high,9,,,,
21b3438f-5e57-4b14-9e68-36808e868a62,badonkadonk.ai,available,,,high,high,11,,,,
6c1f420a-5d0c-436d-99a3-76d0303a9d11,ccp.ai,resell,,,medium,low,3,Atom.com Domains LLC,03/12/2022 14:17,03/12/2028 14:17,26/09/2026 04:49
9c2b04a3-b365-4bf8-a55f-43f7d84b2681,photosynthetic.ai,available,,,high,high,14,,,,
62c3f35c-9486-4a2d-89cb-e7ce116886c0,indifferency.ai,available,,,medium,low,12,,,,
f8afc8a0-5a65-42af-baaa-40a283446b42,promulgates.ai,available,,,medium,low,11,,,,
a7ec0686-2c77-4c46-8982-10c196a80d58,unprecedented.ai,resell,,,high,low,13,,,,29/09/2026 16:15
0de34f9c-5fd7-4c43-a19e-41e6bff08a72,selfheal.ai,resell,,,high,high,9,"GoDaddy.com, LLC",01/08/2023 21:06,01/08/2027 21:06,26/09/2026 08:54
03a7aa34-3769-4fbe-93ff-a422e08585d7,stabiae.ai,available,,,high,high,7,,,,
e7e2b092-ac94-426e-bc49-6efe47ece290,longhand.ai,available,,,high,low,8,,,,
8887739f-c61e-4afd-b4b1-d876cdd0dac9,javanese.ai,resell,,,high,low,8,Dynadot Inc,23/02/2024 11:02,23/02/2028 11:02,26/09/2026 06:59
46f4b4ce-6254-4cf7-94f8-105c8a60c631,colnbrook.ai,available,,,high,high,9,,,,
1c96150e-abc2-4a65-8115-1ff622eaeb33,whatstandwell.ai,available,,,high,high,13,,,,
8cdb1ece-d022-47b2-9dd9-a61a69901ada,goldbeating.ai,available,,,high,high,12,,,,
762ebbe3-e356-43b0-828a-5725f987ad75,ronald.ai,resell,,,medium,low,6,,,,28/09/2026 11:51
db867830-1d1b-46ea-8fd0-6ec0dd6dab74,inkstone.ai,available,,,high,high,8,,,,
69f0199b-4612-4fc8-82d5-750974bb5d0c,twinkled.ai,available,,,medium,low,8,,,,
93e83f6a-24f8-4386-8002-5577ef172faf,implicit.ai,resell,,,high,low,8,Deep Vision Architects,16/12/2017 03:31,18/08/2027 03:31,26/09/2026 06:49
7a971551-6847-42d6-ae2a-e0f46b3633c1,punks.ai,resell,,,high,high,5,"NameCheap, Inc.",16/07/2025 22:53,16/07/2027 22:53,26/09/2026 08:25
0a026541-b1cd-456a-988a-f7bba2eb985a,fiery.ai,resell,,,high,low,5,"NameCheap, Inc.",28/03/2020 12:44,28/03/2028 12:44,26/09/2026 06:04
d435e80a-a140-49be-aed0-d54e84a7b082,singletary.ai,available,,,high,high,10,,,,
26597376-a363-4dd5-85a7-3a8ed8150b98,wino.ai,resell,,,medium,low,4,"NameCheap, Inc.",09/02/2021 12:13,09/02/2027 12:13,26/09/2026 10:11
16f634ca-ef38-4cbb-88b9-7a612ab579e6,visconti.ai,available,79.98,79.98,high,low,8,spaceship,,,30/09/2026 01:25
cd577cc2-b812-4b93-b720-22d611ae98d5,disrepute.ai,available,89.98,114.98,high,low,9,namecheap,,,24/09/2026 22:34
51fbfff4-49e5-46f3-80e0-46e2e1d8829f,stalled.ai,available,89.98,114.98,medium,low,7,namecheap,,,20/09/2026 17:27
e46f8e0c-5bc8-4688-ad73-626474618caa,macroecosystem.ai,available,,,high,high,14,,,,
a52227d3-02e7-4a45-a1a5-4bab9707d34f,xeric.ai,resell,92.98,,high,low,5,"Spaceship, Inc.",02/09/2025 21:27,02/09/2027 21:27,26/09/2026 10:14
8dc21a0f-70a0-410b-b28b-85239f91b79e,frankfield.ai,available,,,high,high,10,,,,
2465742a-e754-41f5-a6c0-74f2a66b1985,resinlike.ai,available,89.98,114.98,medium,low,9,namecheap,,,09/09/2026 15:11
3a298edd-ab77-437d-9b79-cb3565d6babc,gleamed.ai,available,,,medium,low,7,,,,
e28b09cd-55e2-438b-a2b6-aefd7cf74648,overvoltage.ai,available,,,high,high,11,,,,
149f8a25-827b-41dd-b4d8-b4617e08a8f9,depicting.ai,available,,,high,high,9,,,,
4388375c-ca2e-419c-a43d-8d557dc4debe,westerners.ai,available,,,medium,low,10,,,,
c8f04fc8-2b75-4bfc-b436-f892f46e615f,tahsil.ai,available,,,high,high,6,,,,
d1a52fab-5e25-427a-8a65-646f41495197,bucketless.ai,available,,,high,high,10,,,,
894d612d-3f62-4b1b-b946-860d14996d45,sportif.ai,resell,,,high,high,7,Porkbun LLC,29/03/2024 14:27,29/03/2028 14:27,26/09/2026 09:13
58dd5ffe-a778-45da-920a-c24a0072ab38,overclothes.ai,available,,,high,high,11,,,,
db0a215a-e6b3-4e20-b75b-2305b82e27a6,murderous.ai,available,89.98,114.98,medium,low,9,namecheap,,,21/08/2026 11:28
8673e231-8355-4e84-9ff1-d4b1b95c75ec,quickened.ai,available,,,high,high,9,,,,
37ffabe5-7b9b-420d-aceb-69ea5d0169c6,flagfish.ai,available,89.98,114.98,medium,low,8,namecheap,,,18/09/2026 19:58
a280fb54-6a38-4634-ab04-0bbb433d9e62,rebelled.ai,available,,,high,low,8,,,,
4880d28a-d523-412c-b406-ff025deae477,calculation.ai,resell,,,high,low,11,"NameCheap, Inc.",08/05/2019 08:35,08/05/2027 08:35,01/10/2026 21:09
77c80033-2113-4f90-b67c-79796c29d501,siouxan.ai,available,,,high,high,7,,,,
78c3de14-f407-4652-b74d-616c7a9d6a19,smoky.ai,resell,,,high,low,5,"NameCheap, Inc.",27/09/2025 00:28,27/09/2027 00:28,26/09/2026 09:06
a40a961e-c9f2-47d9-981b-6f846e2a4fe2,bullfighters.ai,available,,,medium,low,12,,,,
350657c8-2945-4c14-8889-e1e24e954f3f,bareboat.ai,available,99.99,99.99,medium,low,8,namesilo,,,22/09/2026 05:23
570769a6-5c91-4463-af34-5e1f1e35bf46,airlocks.ai,available,,,medium,low,8,,,,
5686b42d-318b-40a3-bbf6-4a662ac8d76c,flatbeds.ai,available,,,medium,low,8,,,,
f4d949ed-7858-4bca-8d93-a1768e9551f2,oviparous.ai,available,89.98,114.98,high,low,9,namecheap,,,04/09/2026 22:09
11a452a1-7925-4edc-9238-6e69f04afe1b,whatya.ai,available,,,high,high,6,,,,
f34af68e-909d-4d9b-9c34-839248e6f067,bullplop.ai,available,,,high,high,8,,,,
ea7e8046-00a6-406e-a9c6-4752543f9801,uneventful.ai,available,,,high,low,10,,,,
c22d29d2-1cc5-4739-9168-b70177f1f363,yearbook.ai,resell,,,high,low,8,"NameCheap, Inc.",25/12/2022 22:23,25/12/2026 22:23,28/09/2026 11:22
00f31b50-6f83-422f-9185-a463870ca313,outscore.ai,resell,,,high,high,8,"Spaceship, Inc.",07/10/2025 20:48,07/10/2027 20:48,26/09/2026 07:58
2953fd7d-1ae0-41ca-9ada-4d031b2d7c20,closures.ai,resell,,,medium,low,8,Netherlands Domains,30/04/2026 15:15,30/04/2028 15:15,26/09/2026 05:00
398c10bf-4c71-4655-8626-4f290f9c8104,rector.ai,resell,,,high,high,6,"Spaceship, Inc.",06/02/2024 00:01,06/02/2028 00:01,26/09/2026 08:32
34b1cf1d-5ff9-4e9c-94de-daeb4fb87b79,pharaonic.ai,available,89.98,114.98,high,low,9,namecheap,,,08/09/2026 18:44
c85cb4fd-0321-4717-8abf-51d6fda1cfc1,sunglasses.ai,resell,,,high,low,10,,,,29/09/2026 06:30
e67c5134-6b5f-4d54-8571-ca885aba4cd3,manuka.ai,resell,,,high,medium,6,"GoDaddy.com, LLC",09/05/2023 16:48,09/05/2027 16:48,26/09/2026 07:25
e0887582-d4e7-42ef-96ec-d6a7c9becd83,lamely.ai,available,89.98,114.98,medium,low,6,namecheap,,,15/09/2026 10:37
3abe13b5-ce15-4a8d-9fa9-ba79328b37d4,atp.ai,resell,,,high,low,3,,,,28/09/2026 18:27
918576d9-45a6-4770-89b5-2bacf9bca526,supplementary.ai,resell,,,high,low,13,,,,30/09/2026 19:39
84ed8149-b249-4516-bf90-541feee6beeb,homesewn.ai,available,,,high,high,9,,,,
22f60cd8-4c18-4622-8a0d-1cc109c8c33a,eloquently.ai,resell,,,high,low,10,"NameCheap, Inc.",19/05/2025 08:29,19/05/2027 08:29,26/09/2026 05:48
a00019dc-3683-4841-9511-b21af499badf,beanie.ai,resell,,,high,low,6,Atom.com Domains LLC,01/04/2023 13:48,01/04/2029 13:48,26/09/2026 04:19
82e1ea8e-a902-4fd0-9af7-16b49ba88d58,contour.ai,resell,,,high,low,7,"GoDaddy.com, LLC",21/06/2018 13:10,21/06/2028 13:10,26/09/2026 05:13
10206afd-242a-485b-aa05-29cd1a073b77,lard.ai,resell,,,high,low,4,,,,30/09/2026 17:51
fd594491-c814-400c-b8a7-31a054f0764f,windsocks.ai,available,,,medium,low,9,,,,
917fbaea-5b9e-4045-bddf-21c45d912a04,baptisia.ai,available,99.99,99.99,high,low,8,namesilo,,,22/09/2026 03:24
9988639c-5f09-4751-8708-b66d6535a538,countywide.ai,available,,,high,low,10,,,,
472e24bc-dba5-4e7e-9c7f-1876a6085a0a,hymnology.ai,available,,,high,high,9,,,,
cdd90df3-85b9-46d0-891a-7a003052084e,secularization.ai,available,,,high,low,14,,,,
a8da5187-fd20-4456-b507-06115f1f8fed,arng.ai,available,99.99,99.99,medium,low,4,namesilo,,,20/09/2026 08:02
e4c1ff82-81a1-4dbf-8fdb-225484f39ae7,ambiguously.ai,available,,,high,high,11,,,,
b92ebeae-0310-49bc-9ee1-3e1fa0bae673,milieu.ai,resell,,,high,high,6,"GoDaddy.com, LLC",08/03/2022 17:32,08/03/2028 17:32,26/09/2026 07:33
e87c44b9-80be-4e5f-ad37-eb13aa26c228,sheeplike.ai,available,,,high,high,10,,,,
ce3b8b49-4cf9-4a99-a397-464645b2e097,alhaji.ai,available,92.98,,high,high,6,namecheap,,,
e75f8f29-f477-4289-aa4c-9d0e1df8005a,earnestly.ai,available,,,high,low,9,,,,
4a2fa9c9-31ac-465c-8ab8-615da1ed33e5,fowler.ai,resell,,,high,high,6,Dynadot Inc,03/11/2023 07:30,03/11/2029 07:30,26/09/2026 06:13
a43565f8-1dc8-4785-b6b7-01a61da2ff71,caaba.ai,available,,,high,high,5,,,,
de2e481b-adcd-448e-b1b3-02856be966b8,threading.ai,resell,,,high,low,9,"GoDaddy.com, LLC",04/06/2024 17:21,04/06/2028 17:22,26/09/2026 09:36
725ca095-a016-4607-b033-1c30bb9c9202,succeeded.ai,resell,,,medium,low,9,,,,28/09/2026 17:37
16671d8b-3c1d-4de5-b2ec-2b1b24c5c17d,waterholes.ai,available,,,medium,low,10,,,,
bd78ce72-4afa-47be-af2f-fd43a4c6bbd3,restive.ai,resell,,,medium,low,7,"NameCheap, Inc.",26/05/2025 05:17,26/05/2027 05:17,26/09/2026 08:38
ef2f6420-86c2-4b44-86ee-bdc1ba508856,chinaldine.ai,available,,,medium,low,10,,,,
8c2accc8-e0ef-4129-aeef-801888afff49,erratic.ai,resell,,,high,low,7,"GoDaddy.com, LLC",27/10/2021 00:19,27/10/2027 00:19,26/09/2026 05:53
35bb6d25-f7be-4154-8b85-f1d1fd573b89,losing.ai,resell,,,high,low,6,"Spaceship, Inc.",21/09/2024 00:13,21/09/2028 00:13,26/09/2026 07:19
1670b0ec-e8b4-4891-9706-6494bd30786e,lambkin.ai,available,,,high,high,7,,,,
55cc1a22-5996-40e0-8b6f-7522a94286fd,extravagancies.ai,available,,,medium,low,14,,,,
672a56f4-8b26-498a-b0f5-af1f19626039,tanzanian.ai,available,89.98,114.98,high,low,9,namecheap,,,11/09/2026 08:09
9809ff75-e39f-434a-bd00-1130cd6e2f99,eliteracy.ai,available,,,high,low,10,,,,
5da97abe-ca87-42ed-b536-8760bb71dbda,peahen.ai,available,,,high,high,6,,,,
d95c4f33-31e9-41ea-87f5-9d268b5169ab,birthhood.ai,available,,,high,high,9,,,,
00ab15bf-3d0a-42b5-8508-cc131c80363c,schnoodle.ai,available,,,high,high,9,,,,
c6292810-76c9-4266-a7e4-cb1aa3d945f2,caymanian.ai,available,99.99,99.99,high,high,9,namesilo,,,30/09/2026 02:22
0a36a50b-099f-45aa-bdba-00c0ab8e1837,ruthenium.ai,resell,,,high,low,9,"NameCheap, Inc.",20/06/2024 03:02,20/06/2028 03:02,26/09/2026 08:46
a03289c1-188a-4081-8827-605d8151801c,seasonable.ai,available,89.98,114.98,high,low,10,namecheap,,,10/09/2026 00:56
bde90cb1-3a71-4886-b605-6394507eab3c,polyethylene.ai,available,,,high,low,12,,,,
5b7a4154-9a48-49b3-b35e-aa578fe0daa4,approve.ai,resell,,,high,low,7,Atom.com Domains LLC,25/02/2018 18:16,25/02/2030 18:16,26/09/2026 03:57
a8573ab0-4435-4de8-89da-a713e1584b95,forecastability.ai,available,,,high,low,15,,,,
3956ea88-8521-43cd-b156-247c0ddf1a5c,concurrent.ai,resell,,,high,low,10,"NameCheap, Inc.",20/06/2020 03:06,20/06/2028 03:06,26/09/2026 05:11
3684a4d4-2415-4765-8e7f-3652432ede22,orthodontistry.ai,available,,,low,low,14,,,,
f26d6f35-ae67-4ec2-95b4-f7824616947e,gentlemanly.ai,available,,,high,high,11,,,,
de2fa626-ed88-4019-8cb8-9fa60aafc91b,inflatable.ai,resell,,,high,low,10,Dynadot Inc,22/03/2024 17:21,22/03/2028 17:21,26/09/2026 06:51
170b9012-c9ff-4a0f-bcf3-431e9eb12f7d,unreserved.ai,resell,,,medium,low,10,Dynadot Inc,13/01/2025 14:06,13/01/2027 14:06,26/09/2026 09:53
a385986d-00f7-44b2-9adf-8f42bce837f0,riviera.ai,resell,,,high,low,7,Dynadot Inc,01/03/2023 20:11,01/03/2029 20:11,30/09/2026 18:32
a72e6f4f-ff27-4a0e-a007-fdadf9cfa1bd,backtransliteration.ai,available,,,high,high,20,,,,
4b85202d-9804-4cc4-b838-f9307ff08fcc,jument.ai,available,89.98,114.98,medium,low,6,namecheap,,,22/09/2026 21:27
9940b29c-5c0a-4b69-847d-f4f07e464182,analyzing.ai,resell,,,high,low,9,,,,29/09/2026 10:50
8d617a9c-f312-472e-8d0a-bf9b65832f30,nrel.ai,available,92.98,,high,high,4,namecheap,,,
7ee168e8-0475-42c8-b199-b2da439975ca,adiaphoristic.ai,available,,,high,high,13,,,,
3d32f0a8-a4c5-403b-9403-b3310456d8fe,damped.ai,available,,,high,high,6,,,,
0935eb18-a9e0-4ae6-b4eb-03e8205ae1df,resilience.ai,resell,,,high,high,10,"GoDaddy.com, LLC",16/12/2017 03:09,15/11/2027 00:00,26/09/2026 08:37
f1f3d09f-ada5-4a0a-8132-5414ab8e0149,adieux.ai,available,92.98,,medium,low,6,namecheap,,,
0c1e1515-9417-48f8-a6c9-3cc1593dd8e6,carbonara.ai,resell,,,high,low,9,"NameCheap, Inc.",16/06/2025 02:18,16/06/2027 02:18,26/09/2026 04:46
23918686-1148-450c-afb7-a7d51fe28863,birdcage.ai,resell,,,high,low,8,"Spaceship, Inc.",16/08/2024 04:57,16/08/2028 04:57,26/09/2026 04:26
3c6e7891-810f-4d1e-bf5a-b77411dd1c1d,recyclebot.ai,available,99.99,99.99,high,high,10,namesilo,,,27/09/2026 06:14
5adb2179-ac55-4b7a-87fd-e833f0e4c81f,concordance.ai,resell,,,high,high,11,"NameCheap, Inc.",29/10/2025 16:03,29/10/2027 16:03,26/09/2026 05:10
2cb77f0d-6457-49fb-9c41-68979772aab0,treasonous.ai,available,79.98,114.98,medium,low,10,namecheap,,,17/08/2026 21:20
2e397ef2-6906-4b22-bd55-51ae2c589429,antedate.ai,available,,,high,high,8,,,,
c993f9c0-ae6f-4733-b618-6f70f9b3ddb8,pent.ai,resell,,,high,low,4,"NameCheap, Inc.",26/08/2025 05:00,26/08/2027 05:00,26/09/2026 08:05
a9f5c0e1-3e3b-441d-86bd-bd2f49fe27fa,rachet.ai,available,99.99,99.99,high,high,6,namesilo,,,25/09/2026 13:18
209e4e6b-276f-412d-a59b-6fcabc3226c9,radishes.ai,available,,,medium,low,8,,,,
3cad9032-0f20-471b-9ae4-b39d64072193,natatorium.ai,available,,,high,high,10,,,,
caa9846c-d2d5-44a7-b203-4c3035a15002,unassigned.ai,available,89.98,114.98,medium,low,10,namecheap,,,12/09/2026 01:12
e016b3a6-4f61-42e8-86b9-d884c0cad3a3,acidulates.ai,available,92.98,,medium,low,10,namecheap,,,
f8553067-b360-43b5-8cb9-4e8a9dcd9ea3,pyjamas.ai,resell,,,high,high,7,"GoDaddy.com, LLC",08/04/2024 03:15,08/04/2028 03:15,26/09/2026 08:26
1bb40bf2-73b3-478f-84b3-29be4b4d2e2f,boatlength.ai,available,,,high,medium,10,,,,
41b1e164-d4c3-4dae-b91b-3a63108b893d,comatose.ai,available,79.98,114.98,medium,low,8,namecheap,,,12/08/2026 18:25
e409c1d1-dd00-4ad9-aef3-87bfe97e9e81,snowplowed.ai,available,,,medium,low,10,,,,
81862b55-d27c-4a30-97e5-34cecdbcfc87,impend.ai,available,,,high,high,6,,,,
8e44d118-4c77-4a02-8c4b-4114e751577b,goalkeepers.ai,available,,,high,low,11,,,,
f69947af-677e-4b12-b3b4-2484f93fdc42,spontaneously.ai,available,99.99,99.99,medium,low,13,namesilo,,,30/09/2026 11:58
a7a21010-c527-4d94-bd59-bb98a3006bb2,sonorous.ai,resell,,,high,low,8,"NameCheap, Inc.",06/12/2025 01:44,06/12/2027 01:44,26/09/2026 09:09
565af082-f0ad-47bd-9a41-b45c41c5164f,outbreak.ai,resell,,,medium,low,8,,,,28/09/2026 15:00
13413565-9acf-4a1f-8d94-0991cf2c81c8,britten.ai,available,89.98,114.98,high,low,7,namecheap,,,23/09/2026 08:15
f9ff8603-45e6-4bae-96dd-5bca5971620f,flagpole.ai,resell,,,high,high,8,"NameCheap, Inc.",15/06/2023 17:49,15/06/2027 17:49,26/09/2026 06:07
7efdc338-faea-4a26-aa13-4b7368e62ee8,jamming.ai,resell,,,high,low,7,,,,01/10/2026 19:23
509cba88-c92a-433f-82df-51e20b8e85be,horus.ai,resell,,,high,low,5,"GoDaddy.com, LLC",19/07/2018 05:04,19/07/2028 05:04,30/09/2026 17:39
ccbaf205-8254-4237-92e4-06157db69e1d,bessarabia.ai,available,79.98,79.98,medium,low,10,spaceship,,,30/09/2026 21:27
6dcc1562-8658-4e32-a7e6-355893226108,monoatomic.ai,available,89.98,114.98,medium,low,10,namecheap,,,25/08/2026 04:18
09bf6679-0219-4bec-88e9-a6bdfb6ed9ee,devisor.ai,available,,,high,high,7,,,,
ae867665-003f-416d-a868-cf734ed0a0e9,dozens.ai,available,,,high,low,6,,,,
d440194b-39ab-4551-84e5-e91776407c3a,greases.ai,available,,,medium,low,7,,,,
05d2f0c1-b4c3-4b8c-8ff8-3c783d95af9b,abyss.ai,resell,,,high,low,5,"GoDaddy.com, LLC",16/12/2017 05:02,29/03/2028 05:02,26/09/2026 01:19
f70035df-c047-41aa-b28a-79530a221329,vicenary.ai,available,89.98,114.98,medium,low,8,namecheap,,,13/09/2026 05:21
f866273f-e79f-4475-b224-541c73620343,goalkeeping.ai,available,,,high,low,11,,,,
07582bab-7960-4f07-ab0b-e7858d08f1e8,ilama.ai,available,99.99,99.99,high,low,5,namesilo,,,19/09/2026 10:33
28a51038-afc8-49a2-a555-96545dd0acd4,forthbear.ai,available,,,high,high,9,,,,
4ac16355-4f33-4ef0-afa4-e15b67c892f5,alpenstock.ai,available,99.99,99.99,medium,low,10,namesilo,,,18/09/2026 13:32
011cce66-e0f5-4aa7-933e-7453f15cd7b7,otago.ai,resell,,,high,low,5,,,,29/09/2026 22:17
91fadc28-b188-4fcf-b803-dc5c38418860,bugle.ai,resell,,,high,high,5,Dynadot Inc,17/04/2018 19:34,17/04/2028 19:34,26/09/2026 04:39
3efc9e9a-2ec7-476a-8eec-0083a29ce2ab,embrown.ai,available,,,high,high,7,,,,
36918357-1c9b-47b5-8604-9dbf4e0a8a72,badaga.ai,available,99.99,99.99,medium,low,6,namesilo,,,21/09/2026 16:58
f4683d9f-ebde-4801-8373-4e72847d8518,rockabye.ai,available,,,high,high,10,,,,
2a949307-44b3-4527-b828-36d51d259f4d,equators.ai,available,,,medium,low,8,,,,
54ff577d-ce58-41e0-bcb1-d5aea0b32ede,cashlessness.ai,available,,,high,high,12,,,,
b8d678ac-da17-41e2-ad0a-76c5454ff21d,preciously.ai,available,,,high,medium,10,,,,
78bb7ff8-fce0-42da-a2e7-ee695c86f6e7,chemotherapy.ai,resell,,,medium,low,12,,,,29/09/2026 16:06
520b5995-a948-4fc9-b328-bb290281ba53,manifesto.ai,resell,,,high,low,9,"GoDaddy.com, LLC",08/02/2022 16:25,08/02/2028 16:25,30/09/2026 02:12
d00294de-1351-4c67-8ced-310c56f25b15,ruandan.ai,available,,,high,medium,7,,,,
0c5a231a-4b8f-44b4-baa1-4b786d03c379,roscommon.ai,available,79.98,79.98,high,low,9,spaceship,,,01/10/2026 12:14
6000d485-5227-4126-a7fa-b4b35dfe0333,widebodied.ai,available,,,high,high,11,,,,
dcc6095e-3a24-40cf-be9f-2180978ed63e,afterworld.ai,resell,,,high,low,10,"NameCheap, Inc.",01/11/2025 15:15,01/11/2027 15:15,26/09/2026 01:25
e8115bf6-01f5-4ea1-95eb-902f584a277e,friedrichsruh.ai,available,,,high,high,13,,,,
f4b64508-c61a-46dd-93b3-0693c14266d2,patients.ai,resell,,,high,low,8,"Spaceship, Inc.",16/12/2017 02:07,17/05/2028 02:07,26/09/2026 08:03
83cffe41-dc4d-4181-b04d-bdec79b6a4a6,houndsberry.ai,available,,,high,high,11,,,,
75a13246-b3dd-40d1-9fb8-7ece200a82a1,creating.ai,resell,,,high,low,8,Deep Vision Architects,16/12/2017 02:06,21/08/2027 02:06,01/10/2026 19:45
386a1e66-a1ee-4b69-b6ef-a041ae21ac47,refund.ai,resell,,,high,low,6,"GoDaddy.com, LLC",05/10/2021 16:26,05/10/2027 16:26,29/09/2026 07:57
55e6c6d1-879d-4b94-b744-37394470296b,enclothe.ai,available,89.98,114.98,medium,low,8,namecheap,,,19/09/2026 19:54
5882f22f-6fb2-4469-ae62-4aba2b235e4c,elvington.ai,available,,,high,high,9,,,,
717a52c4-d833-4358-bf88-a72763bd7e65,ruggedized.ai,available,,,high,high,10,,,,
a70e9c05-fabe-44f5-b65e-bdb7ca0f966e,saucepot.ai,available,,,high,high,8,,,,
6997bbd9-634f-456f-958e-ab541c3a946e,unwelcome.ai,available,89.98,114.98,high,low,9,namecheap,,,12/09/2026 22:38
010ca9d2-7eaa-4b50-bd69-89a8f25826c1,bouncer.ai,resell,,,high,high,7,Deep Vision Architects,09/01/2019 00:33,09/01/2027 00:33,26/09/2026 04:34
c884aefa-02f7-4830-a6ad-dc8ba4a1600b,amortise.ai,available,,,high,high,8,,,,
776ee3a0-b6fc-48d6-8c21-82d1c2223e6f,tinned.ai,available,89.98,114.98,high,low,6,namecheap,,,11/09/2026 16:17
67067ea6-b546-472e-9855-677926ed339b,gadoid.ai,available,92.98,,high,high,6,namecheap,,,
468ea256-0ad2-49df-86c5-caf3bf8ece19,hertz.ai,resell,,,high,high,5,Zenaida.cate.ai,31/05/2019 01:49,31/05/2027 01:49,26/09/2026 06:39
03ddaa2f-6391-44bb-a30c-c352587eefaf,knightwise.ai,available,,,high,high,10,,,,
7ba99152-8956-4aaf-afe9-c7e27da9f2e2,silences.ai,available,99.99,99.99,medium,low,8,namesilo,,,21/09/2026 10:16
97769aba-38b0-4928-b2de-e3518da2db2a,sleeveless.ai,available,79.98,114.98,high,low,10,namecheap,,,10/08/2026 19:41
7bc4ab46-db92-46c9-989c-dc6387e27800,snicked.ai,available,,,low,low,7,,,,
3d58223a-b846-484f-9dad-3123867bd9ab,spacecraft.ai,resell,,,high,low,10,"NameCheap, Inc.",16/12/2017 03:43,22/05/2028 03:43,26/09/2026 09:10
3679c134-2d50-4941-b755-7a1caf2dc940,soulfulness.ai,available,,,high,high,11,,,,
1942a95f-0820-4e2a-a2c8-45f5a50e4983,nappe.ai,available,92.98,,high,high,5,namecheap,,,
903b7614-81fb-4e30-b305-38b549d132c0,disneyana.ai,available,,,high,low,9,,,,
bd76d996-a3b9-4ac9-80ab-ac32910b22e6,equalizations.ai,available,,,low,low,13,,,,
d6509b9a-77a5-454b-8819-9095e9307064,keeled.ai,available,79.98,114.98,high,low,6,namecheap,,,11/08/2026 19:16
f80e2cef-5bdc-4968-843a-b7bfd45747af,rugged.ai,resell,,,high,low,6,"GoDaddy.com, LLC",04/01/2022 17:12,04/01/2028 17:12,26/09/2026 08:45
a665b1d1-f78a-47f0-b851-c68417a4f75f,chinawoman.ai,available,,,medium,low,10,,,,
d7380b9d-35fc-4c6e-9973-c0c706c767f8,espressos.ai,available,,,medium,low,9,,,,
e0d9f7e4-cd53-4daa-92d8-c64d7788861d,predictive.ai,resell,,,high,medium,10,"GoDaddy.com, LLC",16/12/2017 00:29,03/05/2028 00:29,26/09/2026 08:17
5056a628-3016-431a-a301-7a0de0e794be,centerstage.ai,resell,,,high,high,11,"NameCheap, Inc.",17/08/2022 06:04,17/08/2028 06:04,26/09/2026 04:49
4086c32c-7a66-45a2-bfc7-922dd5b50d94,smudginess.ai,available,,,medium,low,10,,,,
23d34de8-91fc-47d3-ae31-657f63b18131,discernibly.ai,available,,,high,high,11,,,,
f875bf11-92cb-4ef6-b5b2-35732924ac61,hicks.ai,resell,,,medium,low,5,,,,28/09/2026 12:48
82effd46-e5d1-42e3-869c-322f8bb2b7f2,percuss.ai,available,,,high,high,7,,,,
180769fe-3a3d-49c6-a1d9-954434edf263,lxiv.ai,available,89.98,114.98,medium,low,4,namecheap,,,
de0d7e97-8c8c-4edc-b8ea-32593315cbd4,impairment.ai,available,,,medium,low,10,,,,13/08/2026 19:25
98de08c7-0280-457a-901e-32d4c76bf586,minneapolis.ai,resell,,,high,low,11,,,,29/09/2026 15:27
15567981-54d1-4e47-8782-e335e3b88d18,tel.ai,resell,,,high,low,3,"GoDaddy.com, LLC",16/12/2017 04:42,18/11/2026 04:42,01/10/2026 11:20
d93a124b-5aaf-4479-b90e-e1d62b617fa0,podgy.ai,available,89.98,114.98,medium,low,5,namecheap,,,08/09/2026 22:22
84e7cb98-6f1e-482d-a312-ce19d8e52a3a,shs.ai,resell,,,high,low,3,,,,30/09/2026 20:29
bcdb81bf-5ed5-4ee9-be2c-6bc8114d146d,twentieth.ai,available,89.98,114.98,high,low,9,namecheap,,,21/09/2026 12:27
77a2d49f-d5e6-42a0-8218-f5338e39c625,hardiness.ai,available,79.98,79.98,high,low,9,spaceship,,,29/09/2026 18:02
a28fa52a-3d60-45f2-8f4d-3463a95e41a1,montmorency.ai,available,89.98,114.98,medium,low,11,namecheap,,,02/10/2026 01:08
2d0705b3-6747-4ace-bb9d-abd04a108147,iconoscope.ai,available,,,high,high,10,,,,
e38e40d3-c82f-4a2b-a47b-b7965f294dcc,orangutang.ai,available,,,high,high,10,,,,
140050e9-6eeb-44f8-a84f-6e45e54014b7,chapstick.ai,available,99.99,99.99,high,low,9,namesilo,,,
d64912a7-280b-4746-bbbc-d34a76e6b866,prefixally.ai,available,,,high,high,10,,,,
741bc80f-1520-4b74-951d-30add083bebc,hots.ai,resell,,,high,medium,4,Dynadot Inc,15/05/2023 15:09,15/05/2027 15:09,26/09/2026 06:44
4a54e893-f79f-43f4-9047-695532fb86a3,goofproof.ai,available,79.98,114.98,high,low,9,namecheap,,,18/08/2026 10:41
af801f8c-ffd8-44d4-86ce-7a79a95df6cf,stainthorpe.ai,available,,,high,high,11,,,,
20a06ace-38a7-4d1b-98ed-95a31806326f,insiders.ai,resell,,,high,medium,8,Deep Vision Architects,15/12/2017 23:05,27/08/2027 23:05,26/09/2026 06:53
3a3bc9d8-aa38-4002-9829-71d70b546b70,stageplay.ai,available,,,high,high,9,,,,
9aad7198-12b9-40f8-8192-76406b55553a,packable.ai,resell,,,high,low,8,"GoDaddy.com, LLC",22/06/2021 14:30,22/06/2027 14:30,26/09/2026 07:59
f05f9969-edda-451a-9a5d-837801d23e88,marineland.ai,available,,,high,high,10,,,,
d10ab1b6-bc87-46b0-a056-48ddd6027abb,noodlefish.ai,available,,,high,low,10,,,,
442cff1c-0c1f-4413-bd6c-892e8affb033,dalit.ai,available,,,high,high,5,,,,
bdd89714-4302-49b2-8a0c-df358f2bd0ea,unhappiness.ai,available,114.98,,medium,low,11,namecheap,,,
6b94e65a-fc31-45be-b7f4-b12cef2b44e0,redbug.ai,available,,,high,high,6,,,,
5a453adc-72a6-4e3b-a0cc-30a0927a438d,mortice.ai,available,,,high,high,7,,,,
7a82aea4-2904-4f2b-ad7a-4aa05baa8c27,abjudging.ai,available,92.98,,medium,low,9,namecheap,,,
f625084c-b344-4048-993e-d269100940f2,savate.ai,available,,,high,low,6,,,,
3249fa0a-04b9-4667-8b3e-d18726003a19,geniculation.ai,available,,,medium,low,12,,,,
5d1dc925-74d7-4184-bff3-77f87d5db1cd,blazes.ai,available,,,high,high,6,,,,
a85a5b47-4255-4079-8b17-1b0eef675c04,wembley.ai,resell,,,high,low,7,,,,30/09/2026 11:20
a192265f-c2cc-433c-b9e4-f1fd75d7d459,deskman.ai,available,,,high,high,7,,,,
0ef34ba4-c5b7-4a72-accb-240808e8c19a,case.ai,resell,,,high,low,4,Ewire,16/12/2017 01:22,22/03/2030 01:22,29/09/2026 07:33
3d7bc34a-72af-4b17-b63b-1e237212741b,masklike.ai,available,,,high,medium,8,,,,
9aacc5ba-3a73-4d5a-9f97-87e53ebe6ba4,slow.ai,resell,,,high,low,4,"GoDaddy.com, LLC",04/01/2022 17:12,04/01/2028 17:12,26/09/2026 09:05
6f850ca7-7ef0-40af-9aa5-7d31003eecd2,collaborators.ai,resell,,,high,medium,13,"NameCheap, Inc.",29/09/2025 20:54,29/09/2027 20:54,26/09/2026 05:06
3e00859a-0ab7-4483-a55d-dd3c066cc130,methodologically.ai,available,,,high,high,16,,,,
ebd69c99-0caf-4307-af28-86496b879a20,harmonisations.ai,available,,,medium,low,14,,,,
e66539dd-ceaf-44d9-a541-13974438dbf2,bucklesmith.ai,available,,,high,high,11,,,,
79a13527-b93d-456e-b6d4-53d83e1ba8f0,conoid.ai,available,92.98,,high,high,6,namecheap,,,
fc7589a4-c798-423a-a006-8d865c78d8f5,bounced.ai,resell,,,medium,low,7,,,,29/09/2026 17:31
da381421-9409-4273-b570-16afb7027d2a,fullback.ai,available,,,high,high,8,,,,
31670286-4fab-4be4-8f20-99357b52c7a0,shiatsu.ai,resell,,,high,low,7,Dynadot Inc,11/06/2023 20:08,11/06/2029 20:08,26/09/2026 08:58
7f8183a2-472b-4a26-b404-8e88eb6619d7,rajput.ai,resell,,,high,low,6,,,,01/10/2026 03:24
9b760899-f9c6-42be-b721-b160dfdd41b2,countercity.ai,available,,,high,high,11,,,,
ab1576ca-d978-40ca-966f-57582bd37d00,horned.ai,available,89.98,114.98,high,low,6,namecheap,,,21/08/2026 14:04
5bf72632-8971-48e1-9acf-80334bca69a3,jobcentre.ai,available,,,high,high,9,,,,
426b1647-7aab-41b6-ae62-395fa14024ab,positio.ai,available,,,medium,low,7,,,,
40fb36a6-fa57-4462-baf2-587f1fbce932,einclusion.ai,available,,,high,low,11,,,,
8ac8a863-ad5b-4fa6-82ea-c40304f8f682,goddaughter.ai,available,,,high,high,11,,,,
44c81ebd-3031-42c9-828e-c1f39d57316e,queen.ai,resell,,,high,low,5,Dynadot Inc,16/12/2017 00:28,26/12/2032 04:00,27/09/2026 09:07
6ede7687-7ab8-4672-ac61-9a009c88acc6,congreve.ai,available,,,high,high,8,,,,
1bee1653-b04d-4a11-b220-4b70e78319b0,busking.ai,available,,,high,high,7,,,,
7471967b-d9fe-4043-8c5f-f23a0bc0f29f,tottering.ai,available,89.98,114.98,medium,low,9,namecheap,,,11/09/2026 18:14
793acce1-0653-4a32-a128-cc37619d0a48,absorptiometry.ai,available,92.98,,high,high,14,namecheap,,,
d46a48c6-e078-407f-bfff-2c60963099b4,prideful.ai,available,79.98,114.98,high,low,8,namecheap,,,17/08/2026 19:48
eabbc45f-7c82-4ea5-bbee-c6741f5464b2,pearlfish.ai,available,,,high,high,9,,,,
57ee9c64-b067-44c5-9dee-1ca6bf911b9d,loaned.ai,resell,,,high,low,6,Dynadot Inc,05/04/2024 20:21,05/04/2028 20:21,26/09/2026 07:17
4c6c9b98-13e2-4280-aa03-7ce179923d99,paneled.ai,available,,,high,low,7,,,,
078fffed-d150-437d-a74c-46396659f8ab,unreadable.ai,available,89.98,114.98,medium,low,10,namecheap,,,22/08/2026 02:25
2da5fcaf-dbd7-4ac6-8ba2-aa63d15bde93,fisheyes.ai,available,,,medium,low,8,,,,
84b9b8a2-7071-4bd6-a456-0b5f9593bcb6,selfthinking.ai,available,,,medium,low,13,,,,
38320a5a-d25c-479e-9d5f-d35e4cd14db2,pekingese.ai,available,,,high,high,9,,,,
7eed298d-2980-4640-bddd-c5468e179270,widnes.ai,available,,,high,high,6,,,,
eacff4e4-2ec0-4bf0-94b6-b4aa5ff4e37a,someways.ai,available,89.98,114.98,medium,low,8,namecheap,,,15/09/2026 06:48
0f3bb47b-7f63-455b-94be-400dd2173451,christmasly.ai,available,,,high,high,11,,,,
edaab38d-04c8-40e7-b7b5-c9c2eeb42a6f,haircloth.ai,available,,,high,high,9,,,,
1760090a-65c6-41c4-95bb-de6bd139ec3f,juggling.ai,resell,,,high,low,8,,,,30/09/2026 17:46
5e15c470-d7af-4e5a-b893-c7c32536d9bf,avulsion.ai,available,99.99,99.99,medium,low,8,namesilo,,,21/09/2026 09:54
9552baec-1374-4d7a-9401-aefdf4d1426c,kda.ai,resell,,,high,low,3,,,,29/09/2026 17:27
85c18c32-c2e1-4c32-9bb3-505d956a15af,transsexual.ai,available,99.99,99.99,high,high,11,namesilo,,,26/09/2026 09:44
25273d91-86e4-47cd-87e2-d905325f1f38,persecuted.ai,available,79.98,79.98,medium,low,10,spaceship,,,30/09/2026 06:36
b910e08f-b818-467a-954a-175b4906bf38,gamebag.ai,available,,,high,high,7,,,,
598733d4-9a1d-4865-b69f-bfa35e37bb3d,niagara.ai,resell,,,high,low,7,,,,28/09/2026 20:00
671a40ab-4fa1-4d5f-bf8e-a0f85971ce6a,profound.ai,resell,,,high,low,8,Deep Vision Architects,16/12/2017 00:48,11/05/2027 04:00,27/09/2026 07:12
6ec7db6d-8db8-4f7a-a99f-d2cd4233795c,chad.ai,resell,,,high,high,4,,,,30/09/2026 16:40
f6a5b9f1-e354-460d-a040-8e4c1f4149fa,peeling.ai,available,,,high,high,7,,,,
b77e1974-bacc-41ed-8818-fc66b4ac5d65,routinely.ai,resell,,,high,low,9,"NameCheap, Inc.",06/07/2025 21:54,06/07/2027 21:54,26/09/2026 08:45
d153c841-9d17-4c57-8223-5756118fd3f6,abdinasir.ai,available,92.98,,high,high,9,namecheap,,,
ecadc583-cad3-453a-99ec-9a1d4ec0c690,abirritants.ai,available,92.98,,medium,low,11,namecheap,,,
fcd5c2de-e42b-4bd8-9c5a-90272f2f7fd5,naughty.ai,resell,,,high,low,7,"GoDaddy.com, LLC",04/01/2022 16:39,04/01/2028 16:39,26/09/2026 07:43
2f10f2ea-5b23-4091-8272-8dbc1bf1ebe5,arachis.ai,available,99.99,99.99,medium,low,7,namesilo,,,19/09/2026 23:37
cbcb8318-4cdc-4255-a3d8-bd7542f7ebcc,ane.ai,resell,,,high,low,3,"NameCheap, Inc.",09/06/2019 03:32,09/06/2027 03:32,26/09/2026 03:52
d366ed40-987d-4939-887a-60ea031a3761,guardroom.ai,available,,,high,high,9,,,,
1f04861d-943a-44e4-a067-a1c48519bd9e,fatalist.ai,available,79.98,114.98,medium,low,8,namecheap,,,17/08/2026 23:29
6c01a1d7-c5fc-4bed-a9e0-bf705714a4ec,detoxifications.ai,available,,,medium,low,15,,,,
8e255882-624d-4d86-8083-82956a49d69a,lucifugous.ai,available,89.98,114.98,medium,low,10,namecheap,,,24/08/2026 10:55
853c7cdd-fdbd-4b76-9e57-6a70e6866873,unproblematic.ai,available,,,high,high,13,,,,
e801cf69-a414-49f4-aac5-5225dde6844b,mysterious.ai,resell,,,high,low,10,Dynadot Inc,18/04/2022 14:25,18/04/2028 14:25,26/09/2026 07:42
0dc44287-15f4-4059-b6d3-37d3b2bdb836,weybridge.ai,available,,,high,high,9,,,,
cd1d46a6-48c5-4896-ba05-1236b07d1b72,pursuance.ai,available,,,high,high,9,,,,
35e8e1fa-9111-435e-8b9d-549e3ca8e201,kinloid.ai,available,,,high,high,7,,,,
15994b0f-d53b-4127-92a6-dbffc4b5bec1,interregional.ai,available,,,medium,low,14,,,,
15942d61-d42e-4c0d-9898-6588b20418fd,flyover.ai,resell,,,high,high,7,"NameCheap, Inc.",29/04/2019 03:36,29/04/2027 03:36,26/09/2026 06:10
8c162bfb-4eda-4cf8-a827-6de3a79d063c,multiport.ai,available,,,high,high,9,,,,
629e0e2f-b196-48a4-af3b-555a2ab8d781,muharrum.ai,available,,,high,high,8,,,,
81896ef6-75d8-45c9-a60d-b36627cb4723,mithra.ai,resell,,,high,high,6,"GoDaddy.com, LLC",09/05/2023 16:48,09/05/2027 16:48,26/09/2026 07:35
01a2b3f1-1c73-4c5e-92c3-3e4930c1c52c,prospect.ai,resell,,,high,low,8,"GoDaddy.com, LLC",15/12/2017 22:59,26/02/2028 22:59,28/09/2026 14:06
bf2e2c21-d5a0-463f-8234-d982cdbb7965,humphrey.ai,resell,,,high,low,8,"NameCheap, Inc.",31/07/2025 19:22,31/07/2027 19:22,26/09/2026 06:46
b89e79af-1031-4a38-b79c-5beefd680b73,placeboes.ai,available,,,medium,low,9,,,,
83d98703-a579-4a45-b224-a4fa75ef3a90,naturistic.ai,available,89.98,114.98,medium,low,10,namecheap,,,03/09/2026 13:59
8ebe8c40-a79e-407d-be28-5124e9a4cf45,noted.ai,resell,,,high,low,5,"NameCheap, Inc.",16/12/2017 00:13,27/02/2027 00:13,26/09/2026 07:49
84c84b09-6b1f-4efb-a345-aac371f2e977,organise.ai,resell,,,high,low,8,Porkbun LLC,08/02/2021 23:39,08/02/2027 23:39,26/09/2026 07:56
9334b1a8-3a2d-4296-9c91-68fc2bf810f5,lebkuchen.ai,available,,,high,low,9,,,,
c6a4da6c-ea84-4ee0-aab5-1b74c4833c13,shrimpy.ai,available,,,high,medium,7,,,,
e8b58607-18bf-4a23-8be0-6049041e7162,user.ai,resell,,,high,medium,4,"GoDaddy.com, LLC",16/12/2017 04:07,05/02/2027 04:07,26/09/2026 09:55
32e3652d-5211-414f-946d-13e467bbe706,paginations.ai,available,,,low,low,11,,,,
1cc06598-13a6-49e7-af62-3d8706e4f1ab,whateversville.ai,available,,,high,high,14,,,,
2557372c-4978-4b05-8f04-16e548901276,bialy.ai,available,99.99,99.99,medium,low,5,namesilo,,,23/09/2026 12:41
487a74c3-e7f3-430a-b0e6-a405a211d536,stretchable.ai,available,,,high,high,11,,,,
1b6883fd-bbbb-4f59-9c3a-47e7538fddfa,incorrupt.ai,available,89.98,114.98,high,low,9,namecheap,,,22/08/2026 02:01
053fe72c-ec99-42ab-9ec9-b5501613d456,expatriating.ai,available,,,medium,low,12,,,,
591ba9ae-4561-4549-8330-a894bd4ef11d,disneylandification.ai,available,,,medium,low,19,,,,
9a6b01a3-38f6-4cbf-8b87-b118dd77747d,tileboard.ai,available,,,high,high,9,,,,
633e89d1-385f-45bf-8247-76ae0a57bfc3,thinker.ai,resell,,,high,low,7,,,,30/09/2026 01:09
ff2c6bed-6085-49d2-ad27-e47660d838c7,crispness.ai,available,,,high,high,9,,,,
ae27a7db-65ca-4e0f-88c5-1e6b0a651b2f,ventolin.ai,available,89.98,114.98,high,low,8,namecheap,,,18/09/2026 03:33
698d3676-1258-401c-8ef1-84bc73db6e1c,treason.ai,resell,,,high,low,7,Dynadot Inc,30/05/2025 16:13,30/05/2027 16:13,26/09/2026 09:44
527b9fa7-c00a-4615-a1d7-7ed0e1a01494,cryptoeconomy.ai,available,,,high,high,13,,,,
fd8bd067-1091-4f58-b1f1-c09d571bf49f,podlike.ai,available,89.98,114.98,medium,low,7,namecheap,,,08/09/2026 22:31
f22981cd-f66e-42db-932e-8b298eee3e56,auditioners.ai,available,,,medium,low,11,,,,
04490d8e-7432-4109-bfb2-5e9006759300,acidosis.ai,available,99.99,99.99,high,low,8,namesilo,,,17/09/2026 01:28
48a3b40c-ef93-4e54-9b88-26d35211e291,covary.ai,available,,,high,high,7,,,,
b7b49877-c731-4d0a-b291-14d27b685d4f,poorly.ai,available,99.99,99.99,high,low,6,namesilo,,,25/09/2026 07:34
11f79ad2-157f-44b8-85e8-36c4bd757a86,tracker.ai,resell,,,high,low,7,"GoDaddy.com, LLC",16/12/2017 01:21,13/12/2027 04:00,30/09/2026 03:03
0c27d8ba-40f6-4d4c-80eb-259077347073,polyresin.ai,available,,,high,high,9,,,,
b16d26ba-c9c1-493d-a28d-f974af010a8b,illumine.ai,resell,,,high,low,8,"Spaceship, Inc.",07/09/2022 14:39,07/09/2028 14:39,26/09/2026 06:48
2db3d654-b9b4-4b1d-8bf4-ccdc039f1f1d,manicotti.ai,available,,,high,medium,9,,,,
d782d712-2218-42ea-95d0-005171f50efb,simpleness.ai,available,99.99,99.99,high,low,10,namesilo,,,24/09/2026 13:51
433e77e2-0a64-47e4-982c-3bd17c393247,phillipa.ai,available,,,high,high,8,,,,
c409783a-e4b0-4598-b8cb-f0dd4d38b2a2,inflowing.ai,available,89.98,114.98,high,low,9,namecheap,,,22/08/2026 04:34
3cf1cf25-ad75-4b49-8511-69ca73dc8537,crocked.ai,available,79.98,114.98,low,low,7,namecheap,,,09/08/2026 15:34
2191257b-af6d-4886-8a13-7a246f8acbe4,arbalest.ai,resell,,,medium,low,8,Atom.com Domains LLC,04/06/2024 17:24,04/06/2028 17:24,26/09/2026 03:58
8b806b22-8c44-430e-afb6-b95bfa142f77,polishedly.ai,available,,,high,high,10,,,,
8edb38de-1a6a-47c0-ae0e-3036b15b3b83,aus.ai,resell,,,high,low,3,Hyper Limited,15/02/2018 04:00,15/02/2028 04:00,27/09/2026 18:53
825e9e8f-86e9-470b-9caa-af560670e100,fruitarians.ai,available,,,medium,low,11,,,,
4d2d6c97-bf6c-4825-859a-8b94c3e30731,tomboys.ai,available,99.99,99.99,medium,low,7,namesilo,,,20/09/2026 23:15
6efeee8a-ee5c-4b82-b538-30dd426a73d0,harpsichordist.ai,available,,,high,high,14,,,,
afc60ead-8133-4aa0-87bd-22170d51fa13,synoptic.ai,resell,,,high,low,8,"NameCheap, Inc.",10/03/2022 22:08,10/03/2028 22:08,26/09/2026 09:28
8e290b27-d95e-46d3-af3b-61742bbbf813,primordial.ai,resell,,,high,low,10,"GoDaddy.com, LLC",27/09/2019 21:35,27/09/2027 21:35,26/09/2026 08:19
7cd3404b-9e6a-4c65-8b3f-26a0c4b4ec62,knesseth.ai,available,,,high,high,8,,,,
9ef6d4b4-e38b-4df0-aa18-74762fc77467,rubbed.ai,available,99.99,99.99,high,low,6,namesilo,,,17/09/2026 07:54
35566e4c-ed99-4d23-9e96-2b55c4a2ddd8,pylons.ai,available,,,high,medium,6,,,,
23bf6b18-2715-41f1-ab4c-0ce0ac326a43,nationally.ai,resell,,,high,low,10,Dynadot Inc,07/04/2026 22:51,07/04/2028 22:51,26/09/2026 07:43
65635138-dd4f-4979-b7c6-01cd09f2c67a,stimulant.ai,resell,,,high,low,9,"Spaceship, Inc.",22/09/2025 15:15,22/09/2029 15:15,26/09/2026 09:18
45544238-e227-4ece-ad59-bc5df93208dd,restrooms.ai,available,,,high,low,9,,,,
92f5e803-7b20-4eeb-8b73-a7139e1a474b,fright.ai,resell,,,high,low,6,"Spaceship, Inc.",03/06/2022 20:25,03/06/2028 20:25,26/09/2026 06:15
586215d1-b561-406c-b52f-30239aed4c55,wished.ai,resell,,,high,low,6,"NameCheap, Inc.",19/03/2025 01:49,19/03/2027 01:49,26/09/2026 10:11
03c8a6f7-4550-40c0-a7b1-18386a44fc6c,mobcap.ai,available,,,high,high,6,,,,
6e2357b9-05db-44fe-872a-7cc0df65050a,loses.ai,available,99.99,99.99,medium,low,5,namesilo,,,27/09/2026 11:07
eeb21434-619a-441d-bbc5-47d045fcab47,hashshashin.ai,available,,,medium,low,11,,,,
27312e09-be3a-4273-9e95-962b0803f2b9,remindful.ai,resell,,,high,low,9,"NameCheap, Inc.",11/06/2025 01:44,11/06/2027 01:44,26/09/2026 08:35
5ecb9bb0-a352-40d3-83b1-de082fd488a3,salame.ai,available,,,high,low,6,,,,
e6074475-2049-40a9-8922-4e9204689c22,void.ai,resell,,,high,medium,4,Dynadot Inc,15/12/2017 23:01,15/04/2029 04:00,26/09/2026 10:02
94a52ee1-bc28-4678-b55e-98749d3ea688,loo.ai,resell,,,high,high,3,"NameCheap, Inc.",21/05/2018 19:16,21/05/2028 19:16,26/09/2026 07:18
f08aa2ed-1db0-4a00-a9b7-68399861b170,megamedia.ai,available,,,high,medium,9,,,,
0737ed7d-ab00-421b-9507-82549aed1fec,elsass.ai,available,99.99,99.99,medium,low,6,namesilo,,,18/09/2026 14:17
4b44e707-a398-4e5f-ad85-91a2ea040e20,emilia.ai,resell,,,medium,low,6,,,,28/09/2026 09:36
55cb3304-8127-48cf-98c3-a7eab046ab83,diacritical.ai,available,,,high,high,11,,,,
17a078d4-d6c9-4b43-886e-9c113fc54d2a,sprucely.ai,resell,,,medium,low,8,"NameCheap, Inc.",14/01/2026 00:10,14/01/2028 00:10,26/09/2026 09:14
87354438-3764-4382-87d8-60170abe10d2,cornflour.ai,available,,,high,high,9,,,,
9111f826-64c1-48f6-b7b6-e3616e1de536,sprawling.ai,available,,,high,medium,9,,,,
fca52ca6-c891-4bd8-81dd-464f4ac58b4b,woty.ai,available,92.98,,high,medium,4,namecheap,,,
08c46a0c-afe2-47fa-a6a0-8b2810a8d7a7,antagonist.ai,resell,,,high,low,10,"NameCheap, Inc.",07/09/2025 11:26,07/09/2027 11:26,26/09/2026 03:54
50f27bb0-a4be-4fc2-848a-c1983ffb6faf,mandibular.ai,available,89.98,114.98,high,low,10,namecheap,,,22/08/2026 04:40
5dfcbd31-f0cc-492d-9b0d-83e9630f18c7,robb.ai,resell,,,medium,low,4,,,,28/09/2026 12:14
44104306-9d5e-494f-9952-fbced8529348,kiwi.ai,resell,,,high,high,4,Deep Vision Architects,16/12/2017 00:04,27/05/2027 00:04,26/09/2026 07:06
887d2d5e-3d69-4393-818e-0448372cd8f2,charily.ai,available,89.98,114.98,medium,low,7,namecheap,,,14/09/2026 06:17
73f1f0ba-bc3d-48e4-af63-f841e0f2b968,prancingly.ai,available,,,high,high,10,,,,
882817b5-c7b5-4b5d-abb0-48b978a8e6f4,statedly.ai,available,,,high,high,8,,,,
7308b11d-771f-4563-a750-735d4b39acf9,turtlenecked.ai,available,,,high,low,12,,,,
fc28e250-1aa0-4d0f-8ff3-8d672b45393e,necks.ai,available,99.99,99.99,medium,low,5,namesilo,,,19/09/2026 20:42
3f30b914-c222-4804-b160-0b16a1b72635,bottlebrushes.ai,available,,,low,low,14,,,,
23ca6c96-fbcc-4905-96f3-f925cf423c15,alternately.ai,available,,,high,high,11,,,,
d9413cd3-5b1b-46c1-b621-e7a654f403eb,gottscheerisch.ai,available,,,high,high,14,,,,
1a3b0106-1b02-4090-84d7-76a6c677c9bd,pitchwoman.ai,available,,,high,high,10,,,,
0a10eda1-3218-463c-bd28-e52b72e19d69,wholemeal.ai,available,89.98,114.98,high,low,9,namecheap,,,13/09/2026 11:17
9ee29450-85f2-4dea-b9d7-6db3f9c6bfcc,munching.ai,available,,,high,high,8,,,,
652dbae2-1422-4336-8cdc-d09c11d5306b,newsbill.ai,available,,,high,high,8,,,,
aefbf40f-99c9-4f3c-a966-9200c898df25,cupcaking.ai,available,,,medium,low,9,,,,
faecf60f-02eb-46cd-b7a3-f3fbb9567740,frenchesque.ai,available,,,high,high,12,,,,
220b0325-bbfd-4b53-aecc-3d3588307c62,rhizopoda.ai,available,,,high,high,9,,,,
d286dbb5-bec4-4efe-83d6-c040da60b7af,upstroke.ai,available,,,high,high,8,,,,
900eaf3c-7bb2-4d32-a5b7-96d168e86ab4,remapping.ai,resell,,,high,medium,9,"NameCheap, Inc.",07/10/2025 00:20,07/10/2027 00:20,26/09/2026 08:35
e9185e69-1c2c-4506-90a0-58cafdbfa3af,bain.ai,resell,,,high,low,4,,,,28/09/2026 07:18
87107829-3f1d-42fb-ae65-32161d191e7a,braising.ai,available,,,high,high,8,,,,
2fe932fd-b0cb-4bc5-9820-8f833c78ae56,pyrheliometry.ai,available,,,medium,low,13,,,,
3b00de6f-388e-4172-a5d5-e0385fd38421,ireland.ai,resell,,,high,high,7,Zenaida.cate.ai,16/12/2017 05:16,29/04/2027 05:16,26/09/2026 06:57
7566a7ea-cc86-47fe-91b0-4c3243cfe2ec,stick.ai,resell,,,high,low,5,"Spaceship, Inc.",15/12/2017 23:35,17/04/2027 23:35,29/09/2026 00:24
15fae3bc-55c1-4ecb-ac31-1c9d765ce625,slovene.ai,resell,,,high,low,7,,,,28/09/2026 20:30
86d124db-9c79-41ea-af3e-fdd739ef1e11,spiffier.ai,available,,,medium,low,8,,,,
e34fe5ff-bdaa-43b1-a3ff-7406a7e6e09a,hypnotic.ai,resell,,,high,low,8,Atom.com Domains LLC,27/07/2025 16:58,27/07/2029 16:58,26/09/2026 06:47
80ad0b5e-8ab0-4a88-a53f-c50bc1806e2f,gornoaltaisk.ai,available,,,high,high,13,,,,
e574f9b1-d301-4316-8d73-a8cc9e9381ed,surreptitious.ai,available,,,high,high,13,,,,
18f2cd18-0284-4995-b797-4221e8580827,cageball.ai,available,,,high,high,8,,,,
dc98328d-0587-4b01-ad1f-c039295a56ce,cowpoke.ai,available,,,high,high,7,,,,
f5febb95-7c38-4e39-b91b-42e77d3086b1,workouts.ai,resell,,,high,low,8,Ewire,16/12/2017 00:44,18/05/2027 00:44,26/09/2026 10:13
d97be5c2-ec10-44a4-8783-e4e2fac49b17,touchpoint.ai,resell,,,high,high,10,"NameCheap, Inc.",30/11/2018 03:30,30/11/2026 03:30,26/09/2026 09:41
5dccf91a-a66f-4739-a2f5-32a6c0cd8a0b,condense.ai,resell,,,high,low,8,Deep Vision Architects,15/01/2019 22:58,15/01/2027 22:58,30/09/2026 17:42
43edcf50-54cd-41d0-b35c-3a83a16b8b52,obstruct.ai,resell,,,high,low,8,,,,01/10/2026 01:09
bea1a847-5493-4365-a36b-666fcbd0ba60,yung.ai,resell,,,high,low,4,,,,29/09/2026 22:41
121b4b0e-763a-4de9-b5e1-98bff8f81d1d,quilted.ai,available,,,high,low,7,,,,
9b5c1c29-e5eb-4daa-9cea-1e76a6c0a83a,heartstopping.ai,available,,,high,high,13,,,,
b4655345-91b7-4210-9cbd-5657250e89e1,severity.ai,resell,,,high,low,8,"NameCheap, Inc.",04/09/2025 20:31,04/09/2027 20:31,26/09/2026 08:56
76dcf2d5-ce54-4070-a01f-f89c9dcfa260,spicery.ai,available,,,high,high,7,,,,
eebb9cc6-4af2-4884-8b0a-b05b6864eb06,cumulative.ai,resell,,,high,low,10,"NameCheap, Inc.",19/04/2022 16:33,19/04/2028 16:33,26/09/2026 05:22
cc880a9e-c49b-4d1b-8a58-caf39eeae12e,antidandruff.ai,available,,,high,low,12,,,,
7b992b57-a690-4fe1-ac03-804c916a8176,tapware.ai,available,,,high,high,7,,,,
49e98f61-3194-4b2b-8fce-81bb857842db,brecciate.ai,available,,,high,high,9,,,,
3fe3fa42-605f-485b-932f-054b2357de12,schoolbag.ai,available,,,high,high,9,,,,
ad6df347-f2e7-4a1c-a84b-ec977e11b21e,adulterate.ai,available,92.98,,medium,low,10,namecheap,,,
a618ea75-ff55-421c-a67f-873a016dc8e0,fresheners.ai,available,,,medium,low,10,,,,
88e5bc57-cb4d-4e54-96aa-01fad4e339df,venomics.ai,available,,,high,high,8,,,,
88d098a9-3f94-4dd4-abe6-e0ceea2df059,tweed.ai,resell,,,high,high,5,Zenaida AXA,16/12/2017 04:00,21/12/2027 04:00,26/09/2026 09:49
918f0e75-9e90-4cf7-809e-be90f4f2b46c,innocent.ai,resell,,,high,low,8,"GoDaddy.com, LLC",19/04/2023 00:16,19/04/2031 00:16,26/09/2026 06:52
eb35c561-e701-4d95-b3fb-1f481059e588,captious.ai,available,79.98,114.98,medium,low,8,namecheap,,,11/08/2026 18:18
3c767921-8963-403c-907b-a62f8a894dda,brucellergin.ai,available,,,medium,low,12,,,,
6097c224-c853-411b-b595-e44de562abfc,synovial.ai,available,89.98,114.98,medium,low,8,namecheap,,,11/09/2026 06:37
d238052b-1c73-4f86-a924-7fc20c86a31d,communitywise.ai,available,,,high,high,13,,,,
8a7304ed-78c6-4e0e-8556-d397899bac4c,crocuses.ai,available,,,medium,low,8,,,,
5c1c3b4e-a7e9-4278-be15-5c81e502ed8d,icky.ai,resell,,,medium,low,4,"NameCheap, Inc.",14/09/2025 03:08,14/09/2027 03:08,26/09/2026 06:47
c0fc81a1-f4dd-4fd7-a261-0fa53356dabd,syncretistic.ai,available,,,high,high,12,,,,
fa9ede34-bdac-4306-95ef-8335fcce16d6,backtrack.ai,resell,,,high,high,9,"GoDaddy.com, LLC",04/02/2022 14:14,04/02/2028 14:14,26/09/2026 04:12
87c152fa-e53c-4e9b-9917-55961656a72d,keyboarded.ai,available,,,medium,low,10,,,,
c635b98b-c396-411e-ba87-4ad32aee29bc,uplay.ai,resell,,,high,medium,5,"NameCheap, Inc.",08/10/2025 01:02,08/10/2027 01:02,26/09/2026 09:53
ebb20c8a-623a-4f77-8dfb-8ff4c38e95a2,coronet.ai,resell,,,high,high,7,"Spaceship, Inc.",12/09/2023 01:59,12/09/2027 01:59,26/09/2026 05:15
bbde8c81-4f53-4724-8b3b-4a4128f3d606,mortars.ai,available,99.99,99.99,medium,low,7,namesilo,,,21/09/2026 02:28
7b650292-c887-4e5b-9a25-b945d03e3082,labyrinthine.ai,available,,,high,high,12,,,,
617b007d-a3ee-4854-955b-57abbfd2c28a,organiser.ai,resell,,,high,low,9,"NameCheap, Inc.",26/01/2024 19:25,26/01/2028 19:25,26/09/2026 07:56
a69ba4eb-86bd-423b-bdcd-1ff3e455fe42,incredibly.ai,resell,,,high,low,10,Porkbun LLC,16/01/2023 12:26,16/01/2027 12:26,26/09/2026 06:50
46c30b3e-903b-4a79-a812-9c057090a0e8,grasscutting.ai,available,,,high,high,12,,,,
6a62c201-bd56-419f-b97c-e0b006894c11,wanness.ai,available,89.98,114.98,medium,low,7,namecheap,,,17/09/2026 01:08
7825fdd7-291d-4eea-85ab-2dd35d0e4e28,nsdap.ai,available,,,high,high,5,,,,
b1f73549-a2c4-406c-bda6-e5c4ad73de75,lutzen.ai,available,99.99,99.99,medium,low,6,namesilo,,,22/09/2026 15:24
33cb84be-d6d9-4e2f-9f8a-6464dcbf0888,gerbil.ai,resell,,,high,high,6,Dynadot Inc,03/12/2024 16:39,03/12/2026 16:39,26/09/2026 06:21
bcb1331d-ffb7-4237-8d0d-8f133a78c661,saga.ai,resell,,,high,medium,4,,,,30/09/2026 02:45
a12257aa-49cd-4696-b6c8-061079f296ed,palama.ai,available,,,high,high,6,,,,
410274a3-bce1-4dbc-b483-434c5e128fe6,pervert.ai,resell,,,high,low,7,"GoDaddy.com, LLC",07/01/2022 17:54,07/01/2028 17:54,26/09/2026 08:07
91c6a8bd-7845-4906-8339-fa7bbcf79b59,gippo.ai,available,,,high,low,5,,,,
769dfbfd-89f3-4809-b8bf-acea1be20c24,fulls.ai,available,,,medium,low,5,,,,
63240f3d-5547-414a-b8af-bd56ff6d7264,counterfeits.ai,available,89.98,114.98,low,low,12,namecheap,,,19/09/2026 21:40
c834376d-f25b-4df4-9d9b-38b0427c5ef2,niagaras.ai,available,,,medium,low,8,,,,
e21d49c3-48ba-459c-b5ab-44e18a4209c8,quavering.ai,available,89.98,114.98,high,low,9,namecheap,,,09/09/2026 07:44
4c004b60-3035-4fed-9e94-86426b9116da,organize.ai,resell,,,high,low,8,"Spaceship, Inc.",20/04/2018 16:03,20/04/2028 16:03,26/09/2026 07:56
93697811-b6eb-498e-9994-3b6607c9cc97,cooperates.ai,available,,,medium,low,11,,,,
b8e13bc3-8d77-476f-a99a-36b0bd7afc07,carouse.ai,available,,,high,high,7,,,,
b3594b3c-750a-4b82-a7ed-dd83809aa78a,tractableness.ai,available,,,medium,low,13,,,,
fd2d346f-c3e9-4c74-8df2-f12e65b4de11,hillocks.ai,available,,,medium,low,8,,,,
9ce41d5b-dc27-4a4d-a439-fc145c65521a,apnoeic.ai,available,79.98,114.98,medium,low,7,namecheap,,,06/08/2026 00:46
28a90fbb-d249-4e1c-8c30-b2cf88a02083,pupillary.ai,available,,,high,medium,9,,,,
9356f889-56ea-414c-a5b1-3b354d0d817a,sneezeguard.ai,available,,,high,high,11,,,,
bd6a6b36-54e0-4f53-9f8c-ffd6d9812d85,tabboulehs.ai,available,,,medium,low,10,,,,
6c118eb8-6c51-4d0b-84dd-d70a57371251,knockwurst.ai,available,,,high,high,10,,,,
64556139-b3f3-4e71-a7d5-87fc406a22cf,officeholding.ai,available,,,low,low,14,,,,
85117ae4-c798-44a3-b71d-cbd3d450bab2,unov.ai,available,99.99,99.99,high,high,4,namesilo,,,25/09/2026 15:05
a5a14c04-474e-427f-a602-952bd68272ca,dextrality.ai,available,,,high,high,10,,,,
119b3252-760d-465a-95a0-ef3961601228,artfully.ai,resell,,,high,low,8,"NameCheap, Inc.",29/07/2022 21:46,29/07/2028 21:46,26/09/2026 04:02
b16bdc13-f4c6-4940-add2-38358f2a4ca9,distill.ai,resell,,,high,high,7,"GoDaddy.com, LLC",16/12/2017 03:35,23/03/2028 03:35,26/09/2026 05:36
10c44773-0e7f-4588-80cf-3a7b18346c5c,dampness.ai,available,,,medium,low,8,,,,13/08/2026 16:45
b4a32e18-f0e2-4769-9c1e-03d72ced2cbe,grouped.ai,resell,,,high,low,7,"NameCheap, Inc.",07/04/2024 15:49,07/04/2028 15:49,26/09/2026 06:30
b3d76dbd-7321-4b33-9dd1-f9524a73f595,paintpot.ai,available,114.98,,high,low,9,namecheap,,,
f67183c4-aa0f-4144-95e1-397e264984de,workingwoman.ai,available,,,high,high,12,,,,
d6a796f8-a6cc-4a81-bf0c-1f38121a6a7a,japanophile.ai,available,,,high,high,11,,,,
f5e2fabc-f182-4f53-a43d-8170431a2fb2,salubriousness.ai,available,,,high,high,14,,,,
d5274350-7538-492e-93e5-f71c027cbe05,gigantically.ai,available,,,high,high,12,,,,
24a14ece-b3b4-4596-b435-51369aac49bd,tetraterpene.ai,available,,,high,high,12,,,,
821d4e14-f7ae-437d-9d76-e47a2cb454e3,antivivisectionist.ai,available,,,high,high,18,,,,
b5a40042-ffa1-4e0f-9460-5388be2235aa,waited.ai,resell,,,medium,low,6,"Spaceship, Inc.",26/02/2026 21:03,26/02/2028 21:03,26/09/2026 10:02
483fd8ae-aa8d-4a25-9e38-ccd569ec3986,transistorized.ai,available,,,high,low,14,,,,
05d00bc5-e52c-4407-aeea-c66a7d3adee6,novigrad.ai,available,,,high,high,8,,,,
9a58eabb-44a7-4aa2-a27b-6327f575f8d0,viscousness.ai,available,,,medium,low,11,,,,
a7b56504-6925-4cfd-abd1-68399c1479a3,acidophobia.ai,available,92.98,,low,low,11,namecheap,,,
26dd77d2-8c53-47ea-94b6-33a1856edb58,nwmp.ai,available,92.98,,high,high,4,namecheap,,,
2d5a00a7-0245-432e-a460-ec1f7c75e8f0,queenliness.ai,available,,,high,low,11,,,,
2b812937-5148-4c16-830f-3747c31a4d35,abigails.ai,available,92.98,,medium,low,8,namecheap,,,
99dcdc58-42b4-46be-99fa-59d6e10ff1ca,kyrgyz.ai,resell,,,high,low,6,,,,30/09/2026 12:53
4966cdf5-cb62-4058-82a5-02c45d0a6552,extinction.ai,resell,,,high,low,10,Dynadot Inc,20/08/2021 10:16,20/08/2027 10:16,29/09/2026 13:38
782d8694-5cdc-4a5d-8174-7c9200823c53,anointer.ai,available,99.99,99.99,medium,low,8,namesilo,,,19/09/2026 11:18
434f6fe4-89f4-4b88-befc-5fd53bf69d97,devoutly.ai,available,89.98,114.98,high,low,8,namecheap,,,14/09/2026 12:30
97885a50-51af-4297-a9ce-899eaa44a4e7,childbearing.ai,available,,,high,high,12,,,,
46984718-c06b-4ba9-ab41-0d22e7529e6f,irreechaa.ai,available,,,high,high,9,,,,
27722cbb-c1fd-4563-a014-8dad347b7cdd,flamboyantly.ai,available,,,high,high,12,,,,
12c4094a-8cc5-450a-8457-f7b2d91f9748,ideography.ai,available,,,high,high,10,,,,
81ee98fd-5cc2-448c-bc69-47aee893a575,superintended.ai,available,,,low,low,13,,,,
f23bfa13-4a14-40b1-8a21-e9a209f0979f,chairness.ai,available,,,high,high,9,,,,
a326d774-2d60-4e3f-bd1e-909b8123e596,nonspecialist.ai,available,,,high,high,13,,,,
d54a62da-8d7a-4b84-9e91-e9ec895f2aca,stockbroking.ai,available,,,high,low,12,,,,
985f9cb8-dce7-4a73-a806-7c6c89e67e8f,nuorese.ai,available,,,high,medium,7,,,,
c26cbfd4-005e-4b2e-90e6-5b3a542006f9,nanomagnetism.ai,available,,,medium,low,13,,,,
08dd1ecb-d683-4f0f-8960-664a93a071b3,keyholding.ai,available,,,high,low,10,,,,
679e894e-e7eb-4562-8ea0-c6965660c41e,wolfsbane.ai,available,89.98,114.98,medium,low,9,namecheap,,,17/09/2026 02:06
2f2c21eb-aa00-4f48-9dde-558244bb732d,npoess.ai,available,,,high,high,6,,,,
e5a5fc5a-2cd6-43f8-9b4a-90613accfa65,thinnest.ai,available,,,medium,low,8,,,,
424b7007-0cd3-4a93-850c-52f33cb57ac4,accounted.ai,resell,,,medium,low,9,"NameCheap, Inc.",13/04/2022 07:32,13/04/2028 07:32,26/09/2026 01:20
812d5115-6d7d-4a94-bbbd-744973a26b8d,grangetown.ai,available,,,high,high,10,,,,
229043e2-58f1-456a-ae5a-ffccae0c774f,deepens.ai,available,,,medium,low,7,,,,
0c16e4a9-226b-4215-9009-936f7232dc46,astana.ai,resell,,,high,low,6,"GoDaddy.com, LLC",06/06/2023 14:59,06/06/2029 14:59,26/09/2026 04:05
86f4de75-96b7-4bc1-8e6d-e2e1b247943f,pageboy.ai,available,,,high,high,8,,,,
13cea08e-8add-407f-a968-77a82127f941,greatgrandkid.ai,available,,,high,high,14,,,,
f7e4aab4-3ef8-4ae8-a620-b333d24712c4,ushl.ai,available,92.98,,high,high,4,namecheap,,,
91800587-de56-4a7e-813f-0f6a99ed3526,apologetic.ai,available,,,high,low,10,,,,
38a1978b-75c5-4e19-9856-bbab826c9399,geraldson.ai,available,,,medium,low,9,,,,
aff64456-b556-4ee9-a095-f00ba969468d,degage.ai,available,79.98,114.98,medium,low,6,namecheap,,,13/08/2026 23:57
b67fa2d9-db11-439d-9359-86ee38e3b955,holler.ai,resell,,,high,low,6,"GoDaddy.com, LLC",08/02/2022 16:25,08/02/2028 16:25,26/09/2026 06:41
c6db654c-7120-4957-b405-f5b910ba813f,sternwheeler.ai,available,,,high,high,13,,,,
44c8befe-588f-4327-95ff-2fc5478d682c,gasahol.ai,available,,,medium,low,7,,,,
b27a4af0-cac0-409f-a9c0-9c25b35d58e8,audrina.ai,available,,,high,high,7,,,,
0aadea6a-584b-4bf8-b967-3d37a32f0706,joint.ai,resell,,,high,low,5,"GoDaddy.com, LLC",17/05/2018 19:26,17/05/2028 19:26,26/09/2026 07:01
a5c6ac5f-df69-4110-a93d-b3328b08fb4b,leafless.ai,available,89.98,114.98,high,low,8,namecheap,,,22/08/2026 21:56
e2b1e016-d809-43be-950b-e80fed31ba81,subscript.ai,resell,,,high,low,9,"NameCheap, Inc.",26/08/2025 16:57,26/08/2027 16:57,26/09/2026 09:22
aaf73c4b-e6cf-4217-ac94-01347546dfb1,windscreens.ai,available,,,medium,low,11,,,,
10d6a6c9-43eb-4926-a66f-2b45c132f635,nicoletta.ai,available,,,medium,low,9,,,,
aba66a89-956f-4083-b529-09fe66d41083,annelidan.ai,available,89.98,114.98,medium,low,9,namecheap,,,
b8df7b9b-efbd-4079-ae05-f814ad0f91e0,longminded.ai,available,,,high,high,11,,,,
71e27aef-e496-427c-b375-6cbf55f556e9,briefness.ai,available,,,high,high,9,,,,
36834f0f-071a-436a-8bfb-4b2b61284330,bondable.ai,available,79.98,114.98,high,low,8,namecheap,,,09/08/2026 23:59
711c726d-3cd6-4b3b-aad9-d2d725958c0a,maccas.ai,available,,,high,high,6,,,,
62a1d915-d529-4af6-adc2-55248d7217f8,vagile.ai,available,89.98,114.98,medium,low,6,namecheap,,,13/09/2026 00:47
b28f271a-b720-48b0-9402-371ab0080bc7,novoazovsk.ai,available,,,high,high,10,,,,
71a629f1-9e16-47e5-abbc-311f372ab92f,banquets.ai,available,,,medium,low,8,,,,
597dd972-e1db-4f73-ade9-5b90e7b10570,elysse.ai,available,,,high,high,6,,,,
19f398c0-2028-48e3-8845-4a609c58a7cc,overachievers.ai,available,,,high,low,13,,,,
2e2ee3ed-ff3a-447c-b13c-1a52b5fe6c03,functioned.ai,available,,,high,low,10,,,,
cde9bc4a-3492-4277-b183-a296aa1758df,etiolate.ai,available,79.98,114.98,medium,low,8,namecheap,,,17/08/2026 13:53
df45baf9-260d-4793-a22f-195caf0aa68c,ealing.ai,available,79.98,79.98,medium,low,6,spaceship,,,30/09/2026 21:24
350d79e3-4edc-4a15-aee9-8aea99634cae,paintmaking.ai,available,,,high,low,11,,,,
5da7fb9c-ccde-4a63-ac22-0b4bbffe2359,eruptive.ai,available,79.98,114.98,high,low,8,namecheap,,,17/08/2026 13:12
29a42182-eafb-4a62-a33a-e1b13cd835a6,muchacha.ai,available,,,high,high,8,,,,
9cec0094-6c3c-47b2-b5d5-7c7b9d4a3076,nonsocialist.ai,available,,,high,high,12,,,,
234d9388-5f0c-4d14-8e67-df5b26065ab4,noisily.ai,available,89.98,114.98,medium,low,7,namecheap,,,15/09/2026 16:46
979bb294-0f8b-4d0c-a3bd-9a304b84c27e,acridid.ai,available,89.98,114.98,medium,low,7,namecheap,,,17/09/2026 02:59
5e0ebe93-3c0b-4f0b-a54a-3cd7ccf4816c,lowering.ai,available,99.99,99.99,high,low,8,namesilo,,,25/09/2026 15:28
b9027de6-8799-43c9-8923-020bc83ec35c,ailurophile.ai,available,92.98,,high,high,11,namecheap,,,
9a1daec0-8072-41c7-9a3f-b731a85ac004,hyaloid.ai,available,89.98,114.98,high,low,7,namecheap,,,21/08/2026 16:08
6605d7c2-db04-405d-929d-825051803a99,burrows.ai,resell,,,medium,low,7,,,,29/09/2026 03:16
e729c30d-22c1-4f2c-9d6f-b5c24fc8c327,absolvers.ai,available,92.98,,medium,low,9,namecheap,,,
ad78e903-28cd-46bf-9134-27ba5e569068,retrogamer.ai,available,92.98,,high,high,10,namecheap,,,
653113ae-7186-48e6-b9ab-f7229387010b,zoologist.ai,resell,,,high,low,9,"Spaceship, Inc.",10/02/2026 03:20,10/02/2028 03:20,26/09/2026 10:17
808d6e28-e00d-4077-a8d9-113f6eb3e71b,yolanda.ai,resell,,,high,low,7,,,,30/09/2026 21:10
278cfde1-45a3-42e3-89f8-3e4508b44af2,pallid.ai,available,89.98,114.98,medium,low,6,namecheap,,,04/09/2026 23:51
48343cab-34f3-4173-ad83-89fb633a87f3,april.ai,resell,,,high,medium,5,Dynadot Inc,16/12/2017 03:21,23/01/2028 03:21,28/09/2026 21:59
e14f80cb-47bd-47d7-a734-35618e170f2b,cryptoanalytical.ai,available,,,high,high,16,,,,
fbd2488e-5e1d-4a77-9d63-8808dcbb431f,untaped.ai,available,89.98,114.98,medium,low,7,namecheap,,,12/09/2026 10:16
abf54cd7-867d-419b-a4f6-2f59317bd078,konkan.ai,available,,,high,high,6,,,,
d93733f5-9358-4801-bf7b-ebbc0364c7a1,caliph.ai,resell,,,high,high,6,"Spaceship, Inc.",16/09/2026 04:28,16/09/2028 04:28,26/09/2026 04:43
47831f9b-720e-4e7c-8972-90bb3e4474ad,weeded.ai,available,,,medium,low,6,,,,
6078b1a1-607f-4923-b150-365cac2ef566,sotho.ai,available,89.98,114.98,high,low,5,namecheap,,,10/09/2026 14:39
7d85a899-4928-47e5-98ae-343555b4d05e,marbling.ai,available,,,high,high,8,,,,
f244f1af-8e64-4936-b66f-789a8566ec5c,systematizing.ai,available,,,high,high,13,,,,
aa3d8127-6993-415a-9fc5-19d8850d2c90,artillery.ai,resell,,,high,low,9,Dynadot Inc,07/11/2023 16:27,07/11/2027 16:27,26/09/2026 04:03
7bb325f0-5a27-4ef9-b094-d5e5925230cc,perpetuating.ai,available,,,medium,low,12,,,,
52160e43-608f-4ff1-aa53-39f83d55695f,dysphoric.ai,available,79.98,114.98,medium,low,9,namecheap,,,14/08/2026 22:07
4d7ed489-af7c-48cc-be4d-a999a34e1585,twice.ai,resell,,,medium,low,5,,,,28/09/2026 14:37
de26112f-8b2d-49c6-b27d-87b568905f06,isopropanol.ai,available,,,high,low,11,,,,
b8d9c3fc-26d7-4d7b-918f-50c015d66418,genseric.ai,available,,,high,high,8,,,,
55636463-f100-469a-a52b-5c02ae4ca7a0,veganist.ai,available,,,high,high,8,,,,
a1ec42bd-979e-4a9f-a4df-2a969fa8f755,spaller.ai,available,,,high,high,7,,,,
8bea92a3-b640-442f-9b48-bbaafbb151b0,eloise.ai,resell,,,high,low,6,,,,01/10/2026 08:50
634c971c-02de-4b13-a6c8-76b5f34905a4,bacitracin.ai,available,99.99,99.99,high,low,10,namesilo,,,21/09/2026 14:25
4815f7f3-5398-47ac-b4df-e23bc6c82cca,consolidation.ai,resell,,,high,high,13,"NameCheap, Inc.",03/03/2025 14:49,03/03/2027 14:49,26/09/2026 05:12
1f5dd590-5d90-4d37-aab6-abe675e12f71,obdurate.ai,available,79.98,114.98,medium,low,8,namecheap,,,13/08/2026 12:15
4fac372d-ded5-4d74-b11e-3492fd84ed19,pittsfield.ai,available,80,80,high,low,10,cloudflare,,,29/09/2026 07:52
e2a777dd-861e-4efe-b875-d79173bf0b60,midthoracic.ai,available,,,medium,low,11,,,,
a0216331-64a3-4efd-b59e-3dd487ba047d,japanology.ai,available,,,high,high,10,,,,
f297a1e8-b240-4072-a7f5-ceed4a00d8bf,silkily.ai,available,89.98,114.98,medium,low,7,namecheap,,,16/09/2026 01:51
54c26e70-cecf-4f7f-8538-762e08792e0b,glassine.ai,available,,,medium,low,8,,,,
b9fa2a15-77a7-4642-aead-9e36df770050,manoeuvreable.ai,available,,,high,high,13,,,,
d2ea2817-1b8c-4d77-bf9e-4d00d5f2443e,floury.ai,available,79.98,114.98,medium,low,6,namecheap,,,18/08/2026 09:00
6c0ac833-45af-43e9-ad99-897f0200164d,depleted.ai,resell,,,medium,low,8,"Spaceship, Inc.",17/03/2026 20:51,17/03/2028 20:51,26/09/2026 05:30
01e7ec5b-8419-4e82-8c01-c33712c12557,sculls.ai,available,,,medium,low,6,,,,
d1457188-182b-42f4-8be7-eabc7e796888,denikinite.ai,available,,,high,high,10,,,,
ec915558-f836-425d-a7aa-1fdf16d5d629,sideblown.ai,available,,,high,high,10,,,,
9020031a-94e0-4d5e-bc81-baee1e0e6149,insurmountably.ai,available,,,high,high,14,,,,
eea3956a-88d6-445a-b04b-6ce7297c2355,coverstitch.ai,available,,,medium,low,11,,,,
2ce8c4e5-9cb2-4da3-a16e-c941eedc8573,brother.ai,resell,,,high,high,7,Liu HuiJin,16/12/2017 00:14,01/06/2029 00:14,26/09/2026 04:38
a3bdd3cf-49b9-4a94-8c08-83eb82134ab8,michel.ai,resell,,,high,low,6,"Spaceship, Inc.",06/02/2024 16:34,06/02/2028 16:34,26/09/2026 07:32
edec4e46-cb13-4676-a164-74a1ef0d8ea5,underfoot.ai,available,99.99,99.99,high,low,9,namesilo,,,16/09/2026 09:56
3f0fdd56-3872-4681-b313-efe08518b0f9,ascesis.ai,available,89.98,114.98,high,low,7,namecheap,,,20/09/2026 13:10
5426b4c3-7476-46bc-9b1e-88ff21d0f797,fearsome.ai,available,79.98,114.98,medium,low,8,namecheap,,,14/08/2026 08:55
72b9b5cc-adec-406b-a4f6-f5139b13746d,nicolletta.ai,available,,,medium,low,10,,,,
d23d0af4-85d2-4dab-82c0-b00d82760b4a,assuage.ai,available,79.98,114.98,high,low,7,namecheap,,,18/08/2026 22:06
0c59f82f-215a-42c9-bdb5-d514718d829b,chefs.ai,resell,,,medium,low,5,"GoDaddy.com, LLC",28/03/2018 04:28,28/03/2028 04:28,28/09/2026 08:37
ffaf6e3c-df98-4e13-9a1b-93d6d22cf47e,uncritical.ai,available,89.98,114.98,medium,low,10,namecheap,,,12/09/2026 06:26
f82ec318-508c-4080-a965-0e0c58a7f51f,bemidji.ai,available,99.99,99.99,high,low,7,namesilo,,,23/09/2026 07:16
7bc42135-2844-4c1f-8d6e-3afefab3aa9b,kinhwa.ai,available,,,high,high,6,,,,
b9cd90de-c570-4efd-a3e7-f5e3bb49458a,vixenish.ai,available,89.98,114.98,medium,low,8,namecheap,,,13/09/2026 06:24
cd6498e8-97f9-46a8-a0cf-f5016ea9eccc,reporter.ai,resell,,,high,low,8,"NameCheap, Inc.",15/12/2017 04:00,15/10/2028 04:00,26/09/2026 08:36
fbdf06d8-f899-4af4-b04f-d8ab8f1bbbe1,selfcommand.ai,available,,,high,low,12,,,,
aa3390b0-2c9b-40a0-b448-b54255fb1327,farmhouses.ai,available,,,medium,low,10,,,,
ea770cdf-8c01-4a02-ba73-d89d7b418898,bilinear.ai,available,79.98,114.98,high,low,8,namecheap,,,09/08/2026 21:20
32752f12-2432-421f-b794-964a2ab12fb6,fascinate.ai,resell,,,high,low,9,Dynadot Inc,09/04/2022 05:45,09/04/2028 05:45,29/09/2026 08:16
272cf04e-f381-49cd-bb48-9ed7d6e41de3,pregaming.ai,available,,,high,low,10,,,,
f10af324-c523-4b72-9711-16fd75ce2981,roses.ai,resell,,,high,low,5,"GoDaddy.com, LLC",30/06/2022 00:17,30/06/2028 00:17,26/09/2026 08:44
258c41a2-ef59-4ed6-87f0-ae0cb366ee88,elspa.ai,available,,,high,high,5,,,,
5ead383e-d5b7-4ba0-8e5b-b52efe3570ca,lagging.ai,available,,,high,high,7,,,,
c81e9ec6-296e-4314-b689-ce87d2b2365f,deprivation.ai,available,99.99,99.99,medium,low,11,namesilo,,,30/09/2026 05:47
54afaf57-2710-45f2-9624-8d83da8582bc,diminutive.ai,available,79.98,114.98,high,low,10,namecheap,,,08/08/2026 14:10
5475db4d-3729-4d83-888f-014002b16f12,acetin.ai,available,99.99,99.99,medium,low,6,namesilo,,,17/09/2026 00:06
510bda35-3637-4b04-b663-38aafbf30b2d,bullscutter.ai,available,,,high,high,11,,,,
f081223c-9180-4205-a0df-24cdd0fc8716,fathered.ai,available,,,medium,low,8,,,,
fb8e0287-d73a-4cd3-bc62-83c44ff02f02,cheesehamburger.ai,available,,,high,high,15,,,,
09c6e838-c71d-47d3-a931-ccda41dd47a8,overbrimming.ai,available,,,medium,low,12,,,,
bea3ed7a-4499-4026-adce-22579b06fdce,overstate.ai,available,,,high,high,9,,,,
f221f77d-208a-4e10-9fff-4199c86ee741,fundamentals.ai,resell,,,high,low,12,"GoDaddy.com, LLC",05/05/2018 12:42,05/05/2028 12:42,26/09/2026 06:17
0cff2c14-7be3-47bb-a640-770302f39703,reacquaint.ai,available,,,high,high,10,,,,
1da9ccb1-a782-4fbc-9fe4-b00331a50a3d,untied.ai,resell,,,high,low,6,"NameCheap, Inc.",16/06/2025 02:17,16/06/2027 02:17,26/09/2026 09:53
95834ba5-e659-43a1-93ca-0fd6b3e45f27,lancets.ai,available,,,medium,low,7,,,,
e4f32875-ea4c-48f8-93c7-43b14eb24dc2,usps.ai,resell,,,high,low,4,"Spaceship, Inc.",28/03/2020 20:32,11/05/2027 04:00,01/10/2026 04:05
5c667a13-c309-44a8-81c2-756a4fd86eaa,technicians.ai,resell,,,high,low,11,"NameCheap, Inc.",03/04/2024 20:55,03/04/2028 20:55,30/09/2026 00:29
ad08751b-4724-4b09-8365-a5be45875514,tenor.ai,resell,,,high,low,5,"GoDaddy.com, LLC",15/12/2017 23:25,15/11/2027 00:00,26/09/2026 09:33
3f579534-439b-4eea-926c-b19d18e04d94,transsexuality.ai,available,,,high,high,14,,,,
baec491e-87a6-4af0-aa3f-7861d566cff4,recede.ai,resell,,,high,high,6,"GoDaddy.com, LLC",22/04/2024 22:58,22/04/2028 22:58,26/09/2026 08:31
d97fbb6b-4281-4a60-9fa4-317cdfce4e1e,headcounts.ai,available,,,medium,low,10,,,,
3e01d637-cf23-4d61-b32f-f490f380f88b,balkans.ai,resell,,,high,low,7,Dynadot Inc,23/06/2025 06:18,23/06/2027 06:18,26/09/2026 04:13
e998f9cc-7fd3-4cea-a6ed-c9033e474a4c,gloucester.ai,available,89.98,114.98,high,low,10,namecheap,,,30/09/2026 09:55
4c388ad0-2bbc-4cc0-90f4-1a26b5af36f3,braggadocious.ai,available,,,high,high,13,,,,
3838a2a4-b637-4631-881e-20c6a5e4ec48,windowed.ai,available,,,high,high,8,,,,
6984a677-5472-4447-b279-e9948a506f68,blackface.ai,resell,,,medium,low,9,"NameCheap, Inc.",07/09/2025 01:18,07/09/2027 01:18,26/09/2026 04:28
2e2c73d9-ddf5-4edc-9a7e-51b1e5e1ae06,imprinted.ai,available,,,high,high,9,,,,
536bdd25-0121-486e-bd8f-c542f748ff98,doorbuster.ai,available,,,high,high,10,,,,
f1701345-c431-43d7-91c5-8da1498f5718,wolff.ai,resell,,,high,low,5,Dynadot Inc,01/02/2024 21:42,01/02/2028 21:42,26/09/2026 10:12
4f934cf9-e03a-49ad-9cf1-28bb38884076,threatened.ai,available,89.98,114.98,high,low,10,namecheap,,,11/09/2026 14:13
1ed8dccb-bb08-4694-b0ca-450cdc515ea2,formidable.ai,resell,,,high,low,10,"GoDaddy.com, LLC",02/11/2021 16:06,02/11/2027 16:06,26/09/2026 06:12
1ce912f7-cca1-4764-bcc8-da91d127627e,weeping.ai,available,79.98,114.98,high,low,7,namecheap,,,12/08/2026 00:52
f6a279e5-2865-4af1-a7e9-b5560e7c20d1,youngshire.ai,available,,,medium,low,11,,,,
16ed79ad-3307-4320-b8b9-84087dc65ea1,chairwomen.ai,available,,,medium,low,10,,,,
9c217213-025e-4e9c-9970-6307a731919b,warwickshire.ai,available,79.98,79.98,medium,low,12,spaceship,,,29/09/2026 03:43
cbf67ec6-51ee-4569-b727-8e363bc0c748,lustrous.ai,resell,,,high,low,8,"Spaceship, Inc.",14/05/2023 04:10,14/05/2027 04:10,26/09/2026 07:21
361e3b22-6dfe-4214-92f2-a3f11a258f2b,kneadable.ai,available,,,high,high,9,,,,
7a37a165-07a9-40d9-ac85-63be15e4db62,decedent.ai,available,79.98,114.98,medium,low,8,namecheap,,,13/08/2026 21:05
4cad8c33-f570-401c-981c-e1dfd5107218,underpants.ai,available,,,high,high,10,,,,
84feb642-bf67-4cb6-8058-5fdc0e050d80,chicness.ai,available,79.98,114.98,high,low,8,namecheap,,,12/08/2026 04:44
c4840576-1f62-4eba-9d1e-ed6df187157e,unitise.ai,available,,,high,high,7,,,,
6c4a330e-6545-4278-af13-b3452d3e7d70,hadron.ai,resell,,,high,high,6,"GoDaddy.com, LLC",16/12/2017 03:40,13/06/2028 03:40,26/09/2026 06:32
4ba65281-5863-48d5-92ad-27b538c27582,addression.ai,available,92.98,,high,high,10,namecheap,,,
a3b9c641-3ca6-4164-8110-80b28b7868b1,originates.ai,available,,,medium,low,10,,,,
1ea5a652-f30e-462e-bd5c-f4632a7a2c7b,bowties.ai,available,,,medium,low,7,,,,
a7fea21a-e33b-43b6-811f-ea6c49010274,handworked.ai,available,,,high,high,10,,,,
25071d11-fb31-4b3b-8757-26f1a950ee9a,brisbane.ai,resell,,,high,low,8,,,,01/10/2026 01:13
7bf13b6f-2f4a-43f3-91d0-728b1fb0bcce,showbizzery.ai,available,,,high,low,11,,,,
490c9cfe-d942-4732-984f-1a63eecfd921,bromic.ai,available,79.98,114.98,medium,low,6,namecheap,,,11/08/2026 05:32
b0ecf41a-694d-47a7-a117-2dfd57b18e4f,been.ai,resell,,,high,low,4,"Spaceship, Inc.",02/03/2023 04:54,02/03/2029 04:54,26/09/2026 04:20
410761a1-d521-4104-af0c-bc1f8428a497,sensical.ai,resell,,,high,high,8,"GoDaddy.com, LLC",18/07/2023 06:28,18/07/2027 06:28,26/09/2026 08:55
f7d56786-e061-4ebe-88f6-62fb1ce2f534,lordness.ai,available,,,medium,low,8,,,,
845172f2-0b4c-4e9b-a928-82064020d836,transmitt.ai,available,,,high,high,9,,,,
568b60e9-cd16-4a62-bb60-7c21f35e5dc8,tsang.ai,available,99.99,99.99,high,low,5,namesilo,,,01/10/2026 16:26
ec69c8b4-5ed5-4863-adc1-11d38f46f13f,academicians.ai,available,92.98,,medium,low,12,namecheap,,,
c26bd81d-3cba-4f2e-b73e-400c3ec66d1e,sightread.ai,available,,,high,high,9,,,,
0aaae3b3-1905-4edd-9ab4-4a4a463f33ef,reformatory.ai,available,,,high,high,11,,,,
660c1f81-fb32-4d8a-b77a-edb7376d65bd,vila.ai,resell,,,high,low,4,Atom.com Domains LLC,08/07/2022 22:15,08/07/2028 22:15,26/09/2026 09:59
a0ad232e-4e45-4cd8-89e9-4feec28181b9,grainer.ai,available,,,high,high,7,,,,
69fdc9dd-c3c0-45f1-9a9a-061f053c1dbe,vaginae.ai,available,,,medium,low,7,,,,
3ed6bd19-1417-4620-aaae-f129e35672a1,caprine.ai,available,79.98,114.98,medium,low,7,namecheap,,,11/08/2026 18:06
c2a1dcea-c33d-4313-9ea4-c82f3bd7d28f,tankful.ai,available,,,high,high,7,,,,
4eed074c-4624-498d-8cb9-9e814f88852e,fitly.ai,resell,,,medium,low,5,"NameCheap, Inc.",07/07/2026 08:02,07/07/2028 08:02,26/09/2026 06:06
dabc36f6-0188-47ba-9d99-936ddca4b7b5,wickfield.ai,available,,,high,high,9,,,,
35cfebd3-e770-4cf0-b702-6a5d50f046c0,upraised.ai,available,89.98,114.98,high,low,8,namecheap,,,23/08/2026 01:53
923eada8-bb3c-4646-82f1-8ff393fcf0c0,ottowa.ai,available,,,high,high,6,,,,
c76048b1-2874-4d77-bba5-6191accfe880,retyping.ai,available,,,medium,low,8,,,,
b02c527d-9059-4710-a7c6-eef424f3c679,sluggish.ai,available,89.98,114.98,medium,low,8,namecheap,,,10/09/2026 11:29
4d5df60c-62a7-4519-aad2-cd636e338748,elmstead.ai,available,,,high,high,8,,,,
b86bc903-66d0-4c66-b1f4-a3e233e51eab,airbags.ai,available,92.98,,high,low,7,namecheap,,,
5443de16-d04d-4e92-9076-3d34544719e3,anchored.ai,resell,,,high,low,8,,,,30/09/2026 06:40
7a87ec50-0061-4c9a-bf5e-fdf9b1475f52,serendipitously.ai,available,,,high,high,15,,,,
70b185ea-dc0a-4d0c-b4e9-01e7556c3133,pegleg.ai,available,89.98,114.98,high,high,6,namecheap,,,25/09/2026 12:48
4e37fd77-1a53-4040-bd5c-5c193505cfc4,undrape.ai,available,,,high,high,7,,,,
bce9ccbb-7fa1-4006-a188-4e0f93d5820f,isaacs.ai,resell,,,high,low,6,,,,29/09/2026 10:02
35981b72-8641-45aa-83e4-5ba97f0c76fc,gonioscopy.ai,available,,,high,high,10,,,,
43b87d45-1dad-46c8-8960-7feab0709c90,cosmeceutical.ai,available,,,high,high,13,,,,
ac80318d-a3d5-433b-8ed3-b39a5c3df143,tantalum.ai,resell,,,high,low,8,"NameCheap, Inc.",15/02/2026 19:42,15/02/2028 19:42,26/09/2026 09:30
be9006a1-c491-4228-a42b-a90e3715eeda,moonseed.ai,available,,,high,high,8,,,,
6c658952-3a3f-4bc4-806f-0734bbd4fe48,hindrance.ai,available,79.98,114.98,medium,low,9,namecheap,,,14/08/2026 04:50
35a8b481-9317-45bf-af1e-37a493dfe9f2,grammy.ai,resell,,,high,low,6,"Spaceship, Inc.",10/06/2025 15:15,10/06/2029 15:15,01/10/2026 23:31
e684fac6-d4b8-4b91-9292-57c79b9c7f62,coa.ai,resell,,,high,low,3,,,,29/09/2026 14:33
0cb8fe49-ab09-4cb7-81d9-14c7699bfcc0,tagging.ai,resell,,,high,high,7,"GoDaddy.com, LLC",11/03/2022 01:43,11/03/2028 01:43,26/09/2026 09:29
e87f4a6a-a6cd-4ee2-9bdd-24111f28a4ee,cyclosis.ai,available,89.98,114.98,medium,low,8,namecheap,,,10/09/2026 22:24
b630235d-b15d-4af1-909f-92cb1b724ca2,interventionist.ai,available,,,high,high,15,,,,
8a28d9ea-ec83-4e18-866a-17094d35e981,overheated.ai,available,89.98,114.98,high,low,10,namecheap,,,04/09/2026 20:47
cf7191bc-4cd5-4adb-9d36-efb9075b7bfa,tual.ai,available,92.98,,high,high,4,namecheap,,,
34a832e7-76da-4f40-a6cd-ec02e4d7d2a3,arenga.ai,available,99.99,99.99,high,low,6,namesilo,,,20/09/2026 03:43
3797ff3b-37b0-4fe3-953e-39413d1346b9,suburbs.ai,resell,,,medium,low,7,,,,29/09/2026 05:04
2c78f50c-ff3c-4566-8d75-7580976d7c2a,centrofacial.ai,available,,,medium,low,12,,,,
99d14a80-355f-41d1-b6e8-fe62dbb5f0d4,killian.ai,resell,,,high,low,7,,,,02/10/2026 00:13
018e0536-c70f-464f-80d6-802c4d00e153,urals.ai,available,85.6,85.6,high,low,5,dynadot,,,30/09/2026 19:04
a8431633-e2f9-4a74-af12-a3ccb2cb9a98,msa.ai,resell,,,high,low,3,,,,28/09/2026 03:30
7b8eb1c2-4195-4961-8e01-48ea5ce75a3a,generalisability.ai,available,,,medium,low,16,,,,
819211cb-662c-4966-8dd3-ca46feb6b7d9,basting.ai,available,89.98,114.98,medium,low,7,namecheap,,,22/09/2026 12:43
90e7d77a-e8bd-47d7-bd76-4155b7a54b02,assag.ai,available,99.99,99.99,medium,low,7,namesilo,,,20/09/2026 15:41
2fb93665-77ac-4230-b996-a1ea940085c6,arachnid.ai,resell,,,high,low,8,"NameCheap, Inc.",03/02/2026 06:27,03/02/2028 06:27,26/09/2026 03:57
e6920611-c7ca-4ee7-ac2b-9830c6512ab7,ebonize.ai,available,,,high,high,7,,,,
93f72c8e-25e0-401d-b4ea-f4512c83ed54,bearnaise.ai,available,89.98,114.98,high,low,9,namecheap,,,22/09/2026 21:23
f793c75c-c7b8-49d1-8c9f-be8a6a977d0f,syllabary.ai,available,,,high,high,9,,,,
38c6f367-9ea7-4cc5-82c8-430f1b81a61e,tiered.ai,resell,,,high,low,6,"NameCheap, Inc.",07/02/2026 18:29,07/02/2028 18:29,26/09/2026 09:37
05206afb-a201-485b-b6be-0ade2b250702,overpraise.ai,available,,,high,high,10,,,,
c8a9ca95-68a4-427d-8ee7-3c4c2ccbb525,toodleoo.ai,available,,,high,high,9,,,,
5b64bed4-4c22-4cba-a07a-e26956d3de21,allahabad.ai,available,99.99,99.99,high,low,9,namesilo,,,30/09/2026 05:15
181f896c-397d-4797-92cc-5ac18412a17c,shoebird.ai,available,89.98,114.98,medium,low,8,namecheap,,,21/09/2026 20:37
7818dc24-962f-4670-a943-8eedb6d9852d,xciv.ai,available,92.98,,medium,low,4,namecheap,,,
547ace3e-f9bb-45eb-8db3-5ea1f6310cac,boychik.ai,available,,,high,high,7,,,,
085cfb4a-6c0c-47c6-9f51-8b7c882c957c,pearls.ai,resell,,,medium,low,6,Interstellar Registrar Limited,13/09/2023 13:58,13/09/2029 13:58,28/09/2026 08:25
4a6bcfcf-17aa-4f44-a54a-32dc8b8d8bdc,momus.ai,resell,,,high,high,5,"NameCheap, Inc.",06/07/2025 21:54,06/07/2027 21:54,26/09/2026 07:36
131a1708-05d1-46cf-b847-d186dabf34b4,wintergreens.ai,available,,,medium,low,12,,,,
9e91b8fa-3d1f-4034-9eb8-89321a380703,soissons.ai,available,99.99,99.99,medium,low,8,namesilo,,,22/09/2026 15:58
301a5e07-c667-413b-9cad-66479bcb94eb,infalling.ai,available,,,medium,low,10,,,,
fbc84348-e629-4c2c-b774-21b660ecff8e,emplane.ai,available,,,high,high,7,,,,
2e6598a7-7439-48f0-b3e6-481d65341678,boardwalk.ai,resell,,,high,low,9,"NameCheap, Inc.",14/09/2019 17:27,14/09/2027 17:27,30/09/2026 08:21
a5a6f745-f9d4-4ebf-b20f-3c806ba893b2,remarking.ai,available,,,medium,low,9,,,,
93cda71a-cc83-4172-896f-79fd9a0e53bb,violists.ai,available,,,medium,low,8,,,,
88665cf4-f466-4afe-8187-87482e6412e3,hardworking.ai,resell,,,high,low,11,"GoDaddy.com, LLC",11/06/2023 22:02,11/06/2027 22:02,02/10/2026 01:28
95d45bb8-8f03-488e-9557-617ed11395ec,alummah.ai,available,99.99,99.99,medium,low,8,namesilo,,,18/09/2026 01:08
432ee818-6f55-4b7d-924b-44f574a346e1,disordered.ai,available,79.98,114.98,medium,low,10,namecheap,,,14/08/2026 11:18
0581b628-bbe0-42bf-824e-40a25fe3580d,scattering.ai,resell,,,high,low,10,"NameCheap, Inc.",12/05/2025 07:34,12/05/2027 07:34,26/09/2026 08:50
7e0a701b-2068-45fb-a0af-81d7867cd71a,crystalliferous.ai,available,,,high,high,15,,,,
62cb991b-9c73-4084-adc6-61d890eb3f42,brushability.ai,available,,,high,high,12,,,,
79c029a8-d5c9-4c37-85ea-2ce5b5b4fca8,wencher.ai,available,,,high,high,7,,,,
4a54b383-8f67-4b85-8d6a-46c5b4046948,commode.ai,available,,,high,medium,7,,,,
28e0bd26-d3fc-4570-93be-1ad9dd773d87,trine.ai,resell,,,medium,low,5,Dynadot Inc,28/05/2023 01:20,28/05/2029 01:20,26/09/2026 09:46
dd1ec042-284f-4cc8-b754-4c25684f5ede,battalion.ai,resell,,,high,low,9,"NameCheap, Inc.",01/10/2019 14:25,01/10/2027 14:25,26/09/2026 04:18
b8d3c95f-03a1-4590-936a-9d00372daad3,complimentary.ai,resell,,,high,low,13,"GoDaddy.com, LLC",26/04/2025 14:03,26/04/2027 14:03,30/09/2026 04:02
0d6876d3-61ea-4538-ad4c-85e2fdfd5f0f,basically.ai,resell,,,medium,low,9,"NameCheap, Inc.",26/06/2023 05:51,26/06/2027 05:51,28/09/2026 13:22
69789769-4c8c-4fcf-847b-754567e2b2d5,fuddled.ai,available,79.98,114.98,low,low,7,namecheap,,,09/08/2026 15:36
ffefd971-c2ec-416c-97c7-ef20fb5b2938,deescalation.ai,available,,,high,low,12,,,,
6e5cb4de-4319-4ab7-829b-21510fbb10a8,abirritating.ai,available,92.98,,medium,low,12,namecheap,,,
661d7304-073a-48de-ab79-e8e5155cfa01,favour.ai,resell,,,high,low,6,"NameCheap, Inc.",23/04/2021 04:31,23/04/2027 04:31,26/09/2026 06:02
8db756bb-0eeb-4d0f-9d74-faaf341e5c97,antoninus.ai,available,89.98,114.98,high,low,9,namecheap,,,19/09/2026 15:34
58fdb394-4060-4717-925a-d3ec4403d655,rigid.ai,resell,,,high,low,5,"GoDaddy.com, LLC",09/05/2023 16:48,09/05/2027 16:48,27/09/2026 15:17
264857e0-6f5a-47ca-b6b4-ac07fb703c1c,loyalism.ai,available,,,high,low,8,,,,
f5a999f4-bdee-4aa6-a7e0-a563fbb86d36,lutz.ai,resell,,,medium,low,4,,,,28/09/2026 15:40
580b5934-49c0-40b9-a2f4-ecbf2230ca42,kalahari.ai,resell,,,high,high,8,"GoDaddy.com, LLC",05/10/2021 16:42,05/10/2027 16:42,26/09/2026 07:03
b81b886f-f00c-43ab-9e54-4f54ccde3ae9,reappoint.ai,available,,,high,high,9,,,,
416a28b5-fbfe-4969-a3a0-8dd2828b7827,barking.ai,resell,,,medium,low,7,"NameCheap, Inc.",29/09/2025 08:22,29/09/2027 08:22,28/09/2026 11:18
a8fe30ad-9f78-4f87-ab55-2842a0f18792,bullshido.ai,available,,,high,high,9,,,,
a7b371e5-04cd-4cc3-b316-f5f5b568989d,sentimental.ai,resell,,,high,low,11,"NameCheap, Inc.",29/12/2018 10:16,29/12/2026 10:16,28/09/2026 03:30
3e3a81d3-84ed-469a-b03b-430059bc8f56,appellation.ai,available,,,high,high,11,,,,
85cfeb8c-6458-4138-8808-d171b4db35e3,insuperably.ai,available,,,high,high,11,,,,
2b0b3888-3f01-4527-8328-19a3f6a969a6,bolshevik.ai,available,79.98,114.98,high,low,9,namecheap,,,10/08/2026 17:50
ceca10c6-c416-414f-a84d-817a9a02143c,courtship.ai,resell,,,high,low,9,"Spaceship, Inc.",19/04/2023 00:16,19/04/2027 00:16,29/09/2026 18:31
1e76b297-d4ec-4d7d-8631-21c5eb77b718,numbered.ai,resell,,,medium,low,8,,,,29/09/2026 10:20
55dc4b38-c30b-4fcc-a0e9-1695c784af90,biotitic.ai,available,79.98,114.98,high,low,8,namecheap,,,10/08/2026 03:33
ddada015-f185-487f-b8ac-5c49a7637e0f,tabulated.ai,available,,,high,high,9,,,,
36f6e0b8-7575-4169-9cee-4a02e0dd69b6,ritually.ai,available,,,medium,low,8,,,,
61697cbf-3d7f-44e8-84bc-99962aa66f2a,postperson.ai,available,,,medium,low,10,,,,
14674008-6e00-4fc5-9e58-b38ca11383e0,alarmingly.ai,available,89.98,114.98,medium,low,10,namecheap,,,13/09/2026 18:33
67a77a6b-9ef9-4867-a1fb-65481228e9e0,reinvestigate.ai,available,,,high,high,13,,,,
c457f5c0-920f-4d75-a5ca-23c2a6ea1662,counterargument.ai,available,,,high,high,15,,,,
ea7fe8ae-7bc6-489d-8a91-47413d9d84de,afford.ai,resell,,,high,low,6,101domain GRS Limited,16/12/2017 00:58,02/06/2028 00:58,26/09/2026 01:25
f2cbf2f5-9e78-437c-b5ba-66834fa26c03,hydrolyze.ai,available,,,high,high,9,,,,
2def9f7f-a5a1-4b47-90ef-af3854b5ff92,prenatally.ai,available,,,high,low,10,,,,
b8f3f0e7-8e7c-4558-b8a0-7ab732d95e07,obnoxious.ai,resell,,,medium,low,9,"GoDaddy.com, LLC",03/09/2025 20:28,03/09/2027 20:28,26/09/2026 07:51
6b096794-b654-49b2-98f3-e2514b702b0f,orgasmed.ai,available,,,medium,low,8,,,,
6a32747e-d41d-4ac0-9fd1-e52c7848219a,bottlenosed.ai,available,,,high,high,12,,,,
d0f5dec3-e748-436b-8728-d8e9d83e6492,aslant.ai,available,79.98,114.98,medium,low,6,namecheap,,,07/08/2026 03:56
287f738e-649b-406a-a1b8-3347b8a115da,roseate.ai,available,,,high,medium,7,,,,
f5198346-2617-4bec-95ec-f7170d095ab9,highpriced.ai,available,,,high,high,11,,,,
19acd879-983d-4e38-88a5-396b13e1656c,atikaya.ai,available,,,high,high,7,,,,
6846015a-2067-4ce3-9452-b512dedbc966,optative.ai,available,89.98,114.98,high,low,8,namecheap,,,04/09/2026 16:54
0344b3c6-3330-4a56-b5ef-ce70ed552a2a,dose.ai,resell,,,high,low,4,Dynadot Inc,16/12/2017 02:16,01/12/2026 02:16,29/09/2026 00:13
72f69fca-37b6-4149-a7ca-95aabf319be6,unipolar.ai,resell,,,medium,low,8,Gandi SAS,29/01/2026 06:57,29/01/2028 06:57,26/09/2026 09:51
c5e880d2-e7a5-4ccc-8627-fd5a1852907b,gamine.ai,available,92.98,,high,high,6,namecheap,,,
0bf003c3-790b-44ec-b0fa-40bd5129e020,apheresis.ai,available,89.98,114.98,medium,low,9,namecheap,,,19/09/2026 16:49
0773e800-adf4-4cf6-87df-7f2d00926bbf,ellinor.ai,available,,,high,high,7,,,,
4905df59-0b7e-4624-b936-9d0005b77628,varenyky.ai,available,,,high,low,8,,,,
6286b867-3221-41e3-ba84-b76645bd5549,divided.ai,resell,,,medium,low,7,"GoDaddy.com, LLC",05/04/2024 23:57,05/04/2028 23:57,26/09/2026 05:37
a68b51b7-fd0b-4d06-9cfb-3498ddc09cf0,stilwell.ai,available,85.6,85.6,medium,low,8,dynadot,,,01/10/2026 20:11
4441254b-e7d1-4840-bc1e-762a73e09158,bleary.ai,available,79.98,114.98,medium,low,6,namecheap,,,10/08/2026 13:59
ffa4c03a-c4b4-42a4-8ca0-bc907bd2aabd,massive.ai,resell,,,high,low,7,"GoDaddy.com, LLC",16/12/2017 03:49,10/08/2028 03:49,26/09/2026 07:27
3bb91f74-11da-494e-a032-b402a1fd3afd,agog.ai,resell,,,high,low,4,"NameCheap, Inc.",11/08/2023 20:56,11/08/2027 20:56,26/09/2026 01:26
5fe5cb9d-6a04-4ea1-a349-5e6c5455d1ce,careerism.ai,available,,,high,high,9,,,,
96996a4d-ded9-48a6-8ff5-8688d845077c,abstractly.ai,resell,,,medium,low,10,"NameCheap, Inc.",27/06/2025 05:31,27/06/2027 05:31,26/09/2026 01:19
0dcbaf73-1521-4d24-93d0-144eb16a241b,serbocroatian.ai,available,,,high,low,13,,,,
8df32357-de9e-4e37-a5c3-764b2bb3a0ac,nmda.ai,available,92.98,,high,low,4,namecheap,,,
e641ebdd-f0d6-42f1-a09b-3524bbe63c46,peg.ai,resell,,,high,low,3,,,,27/09/2026 15:02
8d92a101-7fe9-49e1-a849-3bc0d8b73986,glaser.ai,resell,,,high,low,6,,,,30/09/2026 01:21
5f3e925d-82a2-4d59-bf53-1827c88e88d6,autoshuffle.ai,available,,,high,low,12,,,,
847a49fb-80e4-4e87-b044-e21946d7dec0,rembrandt.ai,resell,,,high,low,9,"GoDaddy.com, LLC",03/05/2022 16:19,03/05/2028 16:19,28/09/2026 15:14
9dafeac6-4572-455d-8434-35a817661dd1,perfluoroalkane.ai,available,,,high,high,15,,,,
56422cfb-2516-4159-999d-747edbe428e1,relaxate.ai,available,,,medium,low,8,,,,
0140d0f1-0a5e-4912-a714-12c05688a6df,refastened.ai,available,,,medium,low,10,,,,
30d52c33-8596-4afa-a65c-532f70449038,recesses.ai,available,,,medium,low,8,,,,
e7f440d4-8ac6-4ad0-9d3f-0965e8b39b03,pitchforks.ai,available,,,medium,low,10,,,,
367f1759-833e-4053-8eee-3b3df0137b4b,mannered.ai,available,89.98,114.98,high,low,8,namecheap,,,24/08/2026 15:18
e9524e59-b1c9-450b-8ce5-2b0bcd176283,absolutionary.ai,available,92.98,,high,high,13,namecheap,,,
6f86368f-6fc4-4dca-b674-1964c7686f84,dukedoms.ai,available,,,medium,low,8,,,,
a7e13bef-8cb7-483e-84ad-309962d065b6,civetlike.ai,available,,,high,high,9,,,,
56e76e8e-ff93-4de0-8228-156954ab7ed9,marshy.ai,available,79.98,114.98,high,low,6,namecheap,,,10/08/2026 17:03
a8d8e427-fb93-4d92-8939-60f5e802239b,prussia.ai,available,,,high,high,7,,,,
c0c99379-0981-4796-a609-f1a900757064,ulterior.ai,resell,,,high,low,8,"NameCheap, Inc.",13/06/2025 20:46,13/06/2027 20:46,26/09/2026 09:50
ffc443b2-085f-4577-8644-8fe38469ae21,limply.ai,available,89.98,114.98,medium,low,6,namecheap,,,15/09/2026 12:20
7f43aa55-13ea-40fe-ba4e-73c88480df8c,nonsocial.ai,available,89.98,114.98,medium,low,9,namecheap,,,03/09/2026 19:18
3cb66064-f3d8-4d14-bf30-178289f13f1d,fugal.ai,available,79.98,114.98,medium,low,5,namecheap,,,18/08/2026 17:38
14559029-122e-46bf-81d0-13ac72be5bfb,godsibling.ai,available,,,high,high,11,,,,
de4dc65e-208e-4660-b7d4-d1116d9fc7ea,lauterbrunnen.ai,available,,,high,high,13,,,,
15ba885e-30d3-4994-9dc6-7fa7f7a55a2c,odometre.ai,available,,,high,high,8,,,,
d3b91a9d-c16a-4eee-8091-d0675bdc5e1b,accept.ai,resell,,,high,low,6,Dynadot Inc,15/12/2017 22:20,10/07/2027 22:20,29/09/2026 11:06
722ff822-e0bd-4cce-a8c4-33acff15f1fd,zaniness.ai,available,,,high,high,8,,,,
06415bbb-3611-459b-ac4e-4d7d58859e06,stouter.ai,available,,,medium,low,7,,,,
02482186-ad67-4697-831c-3d76d0c3d0ea,grayishness.ai,available,,,medium,low,11,,,,
b309417e-cb00-40e9-9fe5-d738e6f7c659,dvm.ai,resell,,,high,high,3,"NameCheap, Inc.",05/05/2025 07:00,05/05/2027 07:00,26/09/2026 05:43
e4bb8572-4b19-4423-b3da-c03edd869de4,woodchop.ai,available,,,high,high,8,,,,
24c10e58-6d08-4f9f-b2f8-b6b714dd947c,tirana.ai,resell,,,high,low,6,Dynadot Inc,30/06/2025 15:39,30/06/2027 15:39,26/09/2026 09:39
22bced57-063b-4efc-9651-b3556db51cb9,headkerchief.ai,available,,,high,high,13,,,,
865d1a90-b814-4d44-9c35-6e85c991aabb,candleholder.ai,available,,,high,high,12,,,,
73e509d8-d1e4-47cf-a367-bb1533d8cd96,combining.ai,available,79.98,79.98,high,low,9,spaceship,,,29/09/2026 18:23
69d9a254-375a-42c5-a297-6c071d5b566f,carries.ai,available,80,80,medium,low,7,cloudflare,,,28/09/2026 04:37
5b02dcd5-c7f2-4020-8334-ffba87ecbdd6,spellbound.ai,resell,,,high,low,10,Dynadot Inc,03/01/2023 16:19,03/01/2027 16:19,26/09/2026 09:12
eeef43e3-ecf5-48d1-bdca-0680e2099744,fabulousness.ai,available,,,high,low,12,,,,
8ea95aee-b0d9-4865-87e7-c69b4527bf24,rudimental.ai,available,,,high,high,10,,,,
e93a36e6-41b9-44e5-b2f2-c0c4eea08521,airshift.ai,available,,,high,high,8,,,,
8756ef3d-d43a-4b8f-a990-b9deba619ee9,abbreviation.ai,resell,,,high,low,12,,,,01/10/2026 12:48
0ca6f30b-d49f-42d3-95c1-fed1f919707e,peppercorns.ai,available,,,medium,low,11,,,,
eb10218a-73a4-4f77-84b4-9ba641b21eaf,knightage.ai,available,,,high,high,9,,,,
7620b5e7-ad4d-4342-a4b3-fa761e73f5ce,needlebush.ai,available,,,high,high,10,,,,
5ed66809-f294-49cd-9281-12eaf75f2f5a,calfskin.ai,available,,,high,high,8,,,,
cad48735-13b4-4f6f-beb9-ff5567186e57,embank.ai,resell,,,high,high,6,"Spaceship, Inc.",04/06/2024 08:14,04/06/2028 08:14,26/09/2026 05:48
fe7527cd-5777-43ff-b257-774929c151fb,sensitiveness.ai,available,,,high,high,13,,,,
d16f059b-6722-4e12-a27e-8b1968fb1e14,interparental.ai,available,,,medium,low,13,,,,
bb3910a6-c7dc-40d3-90b1-e28b2846020f,climbable.ai,available,79.98,114.98,high,low,9,namecheap,,,07/08/2026 00:10
660ee62a-e19c-408f-8358-5adc7a6cbf83,unforeseen.ai,resell,,,high,low,10,"GoDaddy.com, LLC",07/05/2023 03:41,07/05/2027 03:41,26/09/2026 09:51
acae2935-6990-4728-b7d8-8a0a113c47bc,flatfeet.ai,available,,,medium,low,8,,,,
dca3cf7a-ea88-4658-8d07-9ad3e3cff8f5,belgrade.ai,resell,,,high,low,8,Dynadot Inc,16/12/2017 01:15,10/11/2027 01:15,26/09/2026 04:21
54a7c2a8-d089-4dfb-86a1-7a16401128ef,adilee.ai,available,92.98,,high,high,6,namecheap,,,
af3828c7-b073-4f88-8c66-688fdd88ab42,chicago.ai,resell,,,high,low,7,Dynadot Inc,16/12/2017 03:21,05/05/2031 03:21,26/09/2026 04:54
c8610c01-154a-4626-90d3-03039bee0ce6,tampax.ai,available,92.98,,high,high,6,namecheap,,,
e9484e27-1c0c-4084-bf02-c9383aa412f2,bulging.ai,available,79.98,114.98,medium,low,7,namecheap,,,09/08/2026 13:41
f405e63c-6838-4dc0-b757-1967fc31682f,preannounce.ai,available,,,high,high,11,,,,
f454b676-7a69-4485-9218-47caa0f0a523,shrewdly.ai,available,,,high,low,8,,,,
6fa5607f-31c5-4f53-8db4-0d614ac6717b,chiropractics.ai,available,,,medium,low,13,,,,
652a68d2-490d-4b80-a566-bc4da7809b49,americanos.ai,available,,,medium,low,10,,,,
fca53b08-19c3-483f-82f8-b5a3cc2b2e9b,diaries.ai,resell,,,medium,low,7,,,,30/09/2026 16:07
95eb480a-a675-4984-9421-72fd310e68f0,gorebridge.ai,available,,,high,high,10,,,,
73f28331-d03c-4e09-a549-84f719c37c2e,bootprint.ai,available,,,high,high,9,,,,
a212b31b-ddae-4065-880f-c695466cac05,symbolise.ai,available,,,high,high,9,,,,
495fc696-9761-4b18-9e3c-d548d3c354e1,monarchal.ai,available,89.98,114.98,medium,low,9,namecheap,,,25/08/2026 04:07
02940b40-25f1-4fac-ba46-044c48fa4aa3,stepdaughter.ai,available,,,high,high,12,,,,
9dab5f59-3252-495a-ae95-47371ac722bf,therearound.ai,available,,,medium,low,11,,,,
17950af5-babe-41d2-80e0-bbd8178fd66c,eyetooth.ai,available,79.98,114.98,high,high,9,namecheap,,,11/08/2026 16:59
78241ae5-0273-422b-a57a-669ca0dccf87,footlights.ai,available,,,high,high,10,,,,
f43e599f-36cd-426b-8d02-d584fe73bfaf,leaseholder.ai,available,,,high,high,11,,,,
83195c21-ff1a-4587-8ddf-179854d23697,itch.ai,resell,,,high,low,4,,,,29/09/2026 19:24
b7486170-2155-4bee-b938-35005cec77eb,forepart.ai,available,79.98,114.98,medium,low,8,namecheap,,,18/08/2026 16:13
63aaa724-05c9-4ba8-927b-99b5958a283b,accrementitions.ai,available,92.98,,low,low,15,namecheap,,,
c940707f-f639-4b4e-8684-9d528a737566,laughter.ai,resell,,,high,low,8,"GoDaddy.com, LLC",13/02/2023 15:11,13/02/2027 15:11,30/09/2026 02:09
6d59e2e8-31c1-4685-9ec6-e44d90cc29ec,drainplug.ai,available,,,high,high,9,,,,
29f3e30d-7abf-457f-9d22-621dc32f79a7,graduand.ai,available,,,high,high,8,,,,
f5140314-7296-4955-b9f7-058aea0c3df0,blockbusterish.ai,available,,,high,high,14,,,,
8ef3c848-7cbb-43d6-9272-3b852a73f950,lascivious.ai,available,89.98,114.98,medium,low,10,namecheap,,,22/08/2026 20:04
bd62bd81-3f89-4a33-9cf4-671b96720019,spar.ai,resell,,,high,high,4,"GoDaddy.com, LLC",23/05/2018 05:55,23/05/2028 05:55,26/09/2026 09:11
a8a6561f-c9a1-43d7-a8e7-ac3501602936,rsmi.ai,available,92.98,,high,high,4,namecheap,,,
15d36fa9-762c-4d39-8137-dfc671b0edb4,wagerers.ai,available,,,medium,low,8,,,,
9a45bbff-e6b1-41b3-9f7c-ccf19d6e3d18,irkutsk.ai,available,85.6,85.6,high,low,7,dynadot,,,01/10/2026 09:48
6a17cff1-0834-4a30-b772-d28ffa446460,bulletmaking.ai,available,,,high,high,12,,,,
632c36d7-506c-4e5c-a60e-d0a1bd4017c7,darnel.ai,available,89.98,114.98,medium,low,6,namecheap,,,22/09/2026 21:10
f2aeec9d-8b06-47d4-b27b-c931e45c6687,acanthurus.ai,available,89.98,114.98,high,low,10,namecheap,,,16/09/2026 20:58
2970a808-e653-4542-b4f8-b49a8259b2bf,spritzer.ai,available,,,high,high,8,,,,
175f89f2-f269-4f33-8d22-3e92182a4ede,councilperson.ai,available,,,medium,low,13,,,,
826982c6-ebb1-4034-9add-a4a92a864985,orchestrated.ai,resell,,,high,low,12,"GoDaddy.com, LLC",23/05/2018 04:49,23/05/2028 04:49,26/09/2026 07:56
59a6803b-0002-450c-9566-a34769dba30e,largeheartedly.ai,available,,,high,high,14,,,,
4abacf03-3c10-4ad1-8c9c-ee9e0525fe21,sufferer.ai,available,99.99,99.99,high,low,8,namesilo,,,24/09/2026 22:36
f89d358e-b89b-4892-8a9d-39eac95f0902,readied.ai,available,,,medium,low,7,,,,
a074dcc8-b006-46fa-ab75-c47d4d4a390e,blooded.ai,available,79.98,114.98,high,low,7,namecheap,,,10/08/2026 15:18
633f985a-8415-4027-b3f8-d87c6f70800d,darken.ai,resell,,,high,low,6,"NameCheap, Inc.",31/05/2025 22:59,31/05/2027 22:59,30/09/2026 18:19
52e534cd-d77a-4138-a15b-3e24c05cadd3,wobbled.ai,available,,,medium,low,7,,,,
c288adb1-7708-4c78-98e2-645a1e8b52db,bereft.ai,available,79.98,114.98,medium,low,6,namecheap,,,09/08/2026 15:05
21603df7-c89e-49f2-98f0-19a05cb2e326,claustration.ai,available,,,medium,low,12,,,,
d529c813-a3dc-45f0-94a1-06709c459261,tanglebush.ai,available,,,high,high,10,,,,
17a8ace7-ae6a-4a6f-9f03-e70d8823afba,populated.ai,available,,,high,low,9,,,,
9f3c58c5-ac23-40fb-b665-5b48b932fe28,acknowledges.ai,available,,,high,low,12,,,,
aec69ff9-6c02-4d60-bbeb-9fb377fc2936,accumulated.ai,resell,,,high,low,11,,,,30/09/2026 22:32
d09469a2-970f-4a71-932e-5742e120ba8b,fries.ai,resell,,,high,low,5,"NameCheap, Inc.",29/06/2021 18:57,29/06/2027 18:57,26/09/2026 06:15
58997891-5196-44ef-9c75-31751229e67c,illuminator.ai,resell,,,high,low,11,,,,01/10/2026 23:19
87b64118-0a6d-4abb-bbdd-4465da80d066,swingman.ai,available,,,high,high,8,,,,
ce5a4f4f-942e-4141-a05c-c1cc6dea6ba1,entrants.ai,available,,,medium,low,8,,,,
ea782ede-f073-4740-a66b-34cae99dd493,leon.ai,resell,,,high,medium,4,"GoDaddy.com, LLC",16/12/2017 04:33,11/03/2027 04:33,27/09/2026 04:37
4527213c-8172-488f-bac3-f9cd15c87857,majuscule.ai,available,89.98,114.98,medium,low,9,namecheap,,,24/08/2026 13:26
0ba48fbf-9338-4334-80f3-8cfa3c4c088c,surimi.ai,available,,,high,low,6,,,,
401ab0bb-cef9-41de-828a-145097e3eccf,doted.ai,available,92.98,,high,high,5,namecheap,,,
1e76a7b9-c348-41bf-892a-dde4e0751cf5,apartheid.ai,available,99.99,99.99,high,low,9,namesilo,,,19/09/2026 16:15
3e5b6455-7b69-40c5-9451-8461903f8905,fullmade.ai,available,,,high,high,9,,,,
1d421d94-55b7-4f18-84b7-ccdff32d2816,upcurled.ai,available,,,medium,low,8,,,,
9947225f-723f-4374-8e06-bba839fdc97e,sozzled.ai,available,79.98,114.98,low,low,7,namecheap,,,09/08/2026 16:23
f934b94e-eda9-477a-b548-4701b78b2154,punchy.ai,resell,,,high,high,6,"NameCheap, Inc.",06/10/2025 09:24,06/10/2027 09:24,26/09/2026 08:25
ee913bd6-d1c9-408b-a78a-4dd99879d077,polynesian.ai,available,89.98,114.98,high,low,10,namecheap,,,24/08/2026 13:48
fef9c979-8623-4ee0-b570-301659b8a192,emiliaromagna.ai,available,,,high,high,14,,,,
83d71f02-7544-40e2-a638-57b43f327e1f,endurably.ai,available,,,high,high,9,,,,
1daeca9c-7915-4fe5-8ffa-24ca64222d08,hydrometry.ai,available,,,high,high,10,,,,
3ba782df-3dde-4c3e-9932-6469f029adf1,agriturismo.ai,available,,,high,high,11,,,,
1793b1bb-38bd-4f0f-9cd8-01ac04ba68c0,reanalyse.ai,available,,,high,high,9,,,,
62844276-b968-4f92-a461-341d40a2587b,fineness.ai,available,,,high,high,8,,,,
61e5ae21-3e5d-4535-8799-b44371e9db34,kano.ai,resell,,,high,low,4,,,,29/09/2026 09:07
1405ff02-4dcf-4cc4-876d-6f5cbc51ca4a,carbonatites.ai,available,,,medium,low,12,,,,
a3bb9bd9-88a7-4c28-a1d0-07b5a9ee82f8,quartette.ai,available,89.98,114.98,high,low,9,namecheap,,,09/09/2026 07:26
324a6e9c-4115-4c3b-bea5-ec89b7e39773,blimy.ai,available,,,high,high,5,,,,
61d5c1d7-f440-4cfc-8ff2-eb345f42c229,okinawa.ai,resell,,,high,low,7,,,,30/09/2026 10:39
ad3f6cb9-ba20-452a-a816-f9caa4be4294,irritated.ai,available,89.98,114.98,high,low,9,namecheap,,,
0f56372f-0bd4-4995-9091-2c0a96ada606,potful.ai,available,,,high,high,6,,,,
e5f0aba7-ef5b-4da4-ae17-5efe870f164f,shrieking.ai,available,89.98,114.98,high,low,9,namecheap,,,09/09/2026 23:55
594cf4fe-a154-4596-b417-f37ade408852,prototypal.ai,available,,,high,low,10,,,,
96e4c6da-aa0d-4823-8bcb-09ba8a535c66,guaranteed.ai,resell,,,high,low,10,"NameCheap, Inc.",20/02/2019 11:15,20/02/2027 11:15,28/09/2026 04:50
100315f7-73ea-43d9-9ad4-f65069e29e7e,obtuse.ai,resell,,,high,low,6,"NameCheap, Inc.",13/06/2023 19:37,13/06/2027 19:37,26/09/2026 07:51
4005405d-ddfc-4cfb-854c-8e6304b2bc2a,prewash.ai,available,,,high,high,7,,,,
ea6f1dbc-42bf-4acc-a05a-fd24a539a6b3,pleading.ai,available,79.98,114.98,high,low,8,namecheap,,,09/08/2026 15:21
74194b87-9455-42dc-8101-1cb1e49faab9,marseille.ai,resell,,,high,high,9,Dynadot Inc,21/07/2025 17:00,21/07/2027 17:00,26/09/2026 07:26
ba6f50db-9b37-428a-805f-32d9315ff4e2,blessed.ai,resell,,,high,low,7,"NameCheap, Inc.",26/01/2021 19:44,26/01/2027 19:44,26/09/2026 04:29
19bf48b4-dc19-4566-a2fc-362f0a070e17,coastwise.ai,available,79.98,114.98,medium,low,9,namecheap,,,12/08/2026 14:12
1a3a5fd1-3ef5-4f0d-8feb-6de6879b2d3e,bulimic.ai,available,79.98,114.98,medium,low,7,namecheap,,,11/08/2026 08:26
4061efaa-f8bd-4ae1-bac1-921d2dcd0a8b,rechecked.ai,available,,,medium,low,9,,,,
29ada32b-fdce-4a9b-aa4d-621c101098ed,tremendousness.ai,available,,,high,low,14,,,,
edbf15b8-429a-4ba9-ae1f-d1fe66f1f15e,devoutness.ai,available,,,high,high,10,,,,
5babdbee-0324-4f6b-9da7-00794f00c5b8,insincere.ai,available,89.98,114.98,medium,low,9,namecheap,,,22/08/2026 07:08
d78f2ae6-c1f0-459f-a85f-aae2d635a85a,gorgie.ai,resell,,,high,high,6,"Spaceship, Inc.",04/06/2025 20:32,04/06/2027 20:32,26/09/2026 06:27
568287d0-9c0f-488a-bd9b-1e747b12a243,modifies.ai,available,,,medium,low,8,,,,
1f281b83-342e-4e6e-a80f-92cde6d4947c,barbarous.ai,available,79.98,114.98,medium,low,9,namecheap,,,08/08/2026 15:40
eeb3af04-bac5-4787-a73f-61a5d4e98005,duodenal.ai,available,79.98,114.98,medium,low,8,namecheap,,,14/08/2026 21:21
717dca4e-20ba-44d5-a78b-b035cde95da7,seekers.ai,resell,,,high,low,7,Deep Vision Architects,04/07/2021 17:05,04/07/2027 17:05,26/09/2026 08:54
f2ad46a3-3021-4e6e-85fe-2c5a603fd496,kinlocheil.ai,available,,,high,high,10,,,,
77b8e990-36d7-48de-aa5c-e966f8f80a9e,connellsville.ai,available,,,high,high,13,,,,
2ac89880-1e1a-4ea9-ba45-b47777f1d66b,streams.ai,resell,,,high,low,7,,,,29/09/2026 16:56
d5f08188-5193-4d99-993b-e0292e2718ab,centrioles.ai,available,,,medium,low,10,,,,
dae9324e-cffa-4ffc-9f30-532ec37e14ba,veering.ai,available,,,high,medium,7,,,,
f525ba31-4262-4457-94f8-e8d79083d26f,centrically.ai,available,,,medium,low,11,,,,
87961ced-4d82-4ebf-b7b7-8788ede69d50,balloony.ai,available,,,medium,low,8,,,,
8959d004-4dd5-4a1e-86e2-d77c221f6931,deducting.ai,available,,,medium,low,9,,,,
ff3cccd5-7af8-4fde-ae2c-b519f13558e9,abenaki.ai,available,89.98,114.98,high,low,7,namecheap,,,
ddb91afa-092e-4957-ad7d-a462d44b7c1e,tarpaulins.ai,available,,,medium,low,10,,,,
6d816f91-26c0-4060-94fb-0e699d342f21,liquorice.ai,resell,,,high,high,9,"GoDaddy.com, LLC",26/04/2025 14:03,26/04/2027 14:03,26/09/2026 07:15
a30dac01-e807-4aeb-bb5f-b0dc4bcfb10c,infectiously.ai,available,,,high,high,12,,,,
1b0952e7-e7eb-4a53-b121-ae7594ca8781,combinedly.ai,available,,,high,high,10,,,,
2ba42b44-5fcb-4904-8bbe-a16104607f79,chickpeas.ai,resell,99.99,99.99,high,low,9,Dynadot Inc,21/06/2026 19:19,21/06/2028 19:19,26/09/2026 04:54
a300dde4-27fc-455b-ad32-857e3c53aa5d,flirtatiousness.ai,available,,,medium,low,15,,,,
61a0f642-2b0e-4064-b7fc-56d9a72663d2,countup.ai,available,,,high,high,8,,,,
93d57ddd-97e2-45a1-b5d2-b2fd02104948,rave.ai,resell,,,high,low,4,Deep Vision Architects,15/12/2017 22:25,29/10/2027 22:25,29/09/2026 13:10
f34640e5-4daf-4ee7-827f-ff2aab2b3d03,rainproof.ai,available,92.98,,high,medium,9,namecheap,,,
e7555642-be87-4d8f-adbc-2ce790ae2fdb,garlanding.ai,available,,,high,high,10,,,,
b2644588-66ba-4fdc-8b1e-e23e523ce81b,intermediary.ai,resell,,,high,high,12,"GoDaddy.com, LLC",07/05/2023 03:41,07/05/2027 03:41,26/09/2026 06:55
b89090ff-c8fa-4c5a-ad34-a8dc126704d6,charitably.ai,available,89.98,114.98,high,low,10,namecheap,,,14/09/2026 06:19
1dc1af9e-bb34-4ba4-b07e-1dc71dfb588f,hairstreak.ai,available,,,high,high,10,,,,
eb5f5727-e309-40d0-8bb4-0a23dee09a0f,glassiness.ai,available,,,medium,low,10,,,,
d896ed45-1be8-480b-9356-3ebd22db1469,ridden.ai,available,85.6,85.6,high,low,6,dynadot,,,30/09/2026 23:00
172afe35-2fb0-4aeb-bd86-841b401235a3,backake.ai,available,,,high,medium,7,,,,
76a353f1-723e-4803-a00d-5ec8f926799d,judeochristian.ai,available,,,high,high,15,,,,
2ac2190c-052b-4723-9b60-bc27128f78cb,clotheth.ai,available,,,medium,low,8,,,,
2fd7c3c2-c87b-4aa6-bb1c-d33550f0999f,souldiour.ai,available,,,high,high,9,,,,
5738761e-fb79-4830-8db8-b562471e6c85,mangy.ai,available,89.98,114.98,medium,low,5,namecheap,,,24/08/2026 14:50
b2941944-0b9a-428c-94d9-2ddb3ac9c06a,bourbon.ai,resell,,,high,low,7,"NameCheap, Inc.",17/02/2020 16:05,17/02/2028 16:05,26/09/2026 04:34
fb60ffc0-7d36-446d-92b7-b8a60007935d,neckcloth.ai,available,,,high,high,9,,,,
30b5fa57-1006-4663-a998-7b209fc67dbb,acervulus.ai,available,99.99,99.99,medium,low,9,namesilo,,,16/09/2026 23:44
21cdc047-30a3-4a7a-9c81-e828ae35bf34,hellish.ai,available,79.98,114.98,medium,low,7,namecheap,,,09/08/2026 04:59
e4be3d8d-1edd-4600-b510-10b7bc01bb19,uncategorised.ai,available,,,medium,low,13,,,,
70143d4f-b24b-44c8-ad77-e16017faf7d0,accountment.ai,available,92.98,,high,high,11,namecheap,,,
e6db1c23-0fa3-4d27-9a81-0c3129ed68c4,gothish.ai,available,,,high,high,7,,,,
9fa66d5d-20f0-45d2-a1f4-b1e854ed0306,magdalena.ai,resell,,,high,low,9,,,,28/09/2026 02:17
a1a73095-4b02-4609-85d5-8d0d07879a45,neuter.ai,resell,,,high,low,6,"NameCheap, Inc.",08/01/2025 07:45,08/01/2027 07:45,26/09/2026 07:45
6215e8b2-bd90-43e2-937e-c5b11278d781,eurobeat.ai,available,,,high,high,8,,,,
580d913f-4919-4c5c-9be0-72fcbf80f7e4,nonmetric.ai,available,89.98,114.98,medium,low,10,namecheap,,,03/09/2026 18:30
c9a98753-8842-43fd-962f-82510122df0c,unfastening.ai,available,,,high,low,11,,,,
cec95e13-678f-4a4e-894b-792a1d3ac713,consolidated.ai,resell,,,high,low,12,,,,29/09/2026 16:56
3cb0d28d-07fe-4002-ba30-1968ef0eb056,lav.ai,resell,,,high,low,3,"NameCheap, Inc.",17/12/2019 23:20,17/12/2027 23:20,26/09/2026 07:09
796b9c0a-876c-4930-905c-d5b22d583091,rejuvenations.ai,available,,,medium,low,13,,,,
9a1e4642-ea87-4610-b8cb-8f4a94fe227c,marigolds.ai,available,,,high,low,9,,,,
aca5927d-7bef-426e-8594-76125328e824,thawed.ai,available,89.98,114.98,high,low,6,namecheap,,,11/09/2026 12:31
8c8aeffd-3f07-454e-a6a7-1bb2d49b105f,bootikin.ai,available,92.98,,high,high,8,namecheap,,,
6915d906-1020-498a-98b8-e4d46e3b7c00,cookstown.ai,available,,,high,high,9,,,,
9c9a7c09-df10-4c94-a8e1-928924987c66,calorieful.ai,available,,,medium,low,11,,,,
0c5270b0-cc8f-4312-9427-081b428888cf,cristobal.ai,available,79.98,79.98,medium,low,9,spaceship,,,30/09/2026 20:55